Match,Player,Team,PTS,REB,AST,MIN,FGM,FGA,2PM,2PA,3PM,3PA,FTM,FTA,+/-,OR,DR,PF,ST,TO,BS,BA,TFS
BALresults/0GdqWorn.csv,Omot N.,ALA,28,6,3,31:07,7,12,4,7,3,5,11,12,28,1,5,3,2,5,0,0,0
BALresults/0GdqWorn.csv,Ganapamo E.,CAP,26,4,2,35:15,10,20,10,18,0,2,6,9,-18,1,3,3,4,5,0,0,0
BALresults/0GdqWorn.csv,Gbinije M.,CAP,18,5,3,36:20,5,12,4,6,1,6,7,7,-18,1,4,2,1,5,1,0,0
BALresults/0GdqWorn.csv,Thompson M.,ALA,17,1,4,29:35,6,10,3,4,3,6,2,2,17,0,1,1,1,1,0,0,0
BALresults/0GdqWorn.csv,Cele S.,CAP,12,6,2,30:49,6,10,6,10,0,0,0,0,1,1,5,1,2,2,1,0,0
BALresults/0GdqWorn.csv,Oraby O.,ALA,12,5,0,21:44,4,6,4,6,0,0,4,4,5,1,4,5,1,3,2,1,0
BALresults/0GdqWorn.csv,Saleh E. A.,ALA,11,5,8,24:14,4,10,3,5,1,5,2,2,18,0,5,0,4,1,0,0,0
BALresults/0GdqWorn.csv,Zahran A.,ALA,10,4,2,12:45,5,8,5,8,0,0,0,0,26,2,2,4,0,1,1,0,0
BALresults/0GdqWorn.csv,Hall J.,CAP,9,4,0,23:04,4,9,4,7,0,2,1,3,-8,1,3,4,0,0,0,2,0
BALresults/0GdqWorn.csv,Prinsloo P.,CAP,8,3,1,32:30,3,8,1,2,2,6,0,0,-17,3,0,4,1,1,1,1,0
BALresults/0GdqWorn.csv,Webster C.,ALA,6,3,3,20:49,3,10,3,8,0,2,0,0,-13,0,3,3,1,3,0,1,0
BALresults/0GdqWorn.csv,Aboelnasr M.,ALA,3,4,0,22:55,1,2,0,1,1,1,0,0,5,2,2,2,0,1,0,0,0
BALresults/0GdqWorn.csv,El Gendy A.,ALA,3,1,0,9:42,1,2,0,0,1,2,0,0,-5,0,1,0,0,0,0,0,0
BALresults/0GdqWorn.csv,Wade Z.,CAP,2,5,4,34:32,1,7,1,3,0,4,0,0,-21,1,4,3,1,4,0,0,0
BALresults/0GdqWorn.csv,Sarhan M.,ALA,1,1,0,8:05,0,1,0,0,0,1,1,2,-8,0,1,2,0,0,0,0,0
BALresults/0GdqWorn.csv,Said S.,ALA,0,4,0,19:04,0,2,0,1,0,1,0,0,7,1,3,2,0,2,0,1,0
BALresults/0GdqWorn.csv,Sibanyoni N.,CAP,0,1,0,7:31,0,2,0,2,0,0,0,0,1,1,0,1,0,0,0,0,0
BALresults/0p01tg83.csv,Prinsloo P.,CAP,19,10,4,38:39,5,13,3,6,2,7,7,10,-3,2,8,4,0,2,3,1,0
BALresults/0p01tg83.csv,Cele S.,CAP,18,4,3,32:52,6,13,5,9,1,4,5,8,-12,1,3,4,1,2,0,2,0
BALresults/0p01tg83.csv,Diarra A.,STA,18,13,1,25:09,9,15,9,15,0,0,0,4,22,4,9,3,1,2,3,1,0
BALresults/0p01tg83.csv,Wilkins J. W.,STA,18,4,0,27:02,6,13,2,4,4,9,2,2,8,0,4,2,0,0,1,0,0
BALresults/0p01tg83.csv,Smith M.,CAP,17,4,1,37:53,6,20,3,12,3,8,2,2,-10,0,4,2,1,6,0,4,0
BALresults/0p01tg83.csv,Gbinije M.,CAP,10,13,5,37:40,4,12,2,5,2,7,0,0,-11,2,11,4,2,6,0,1,0
BALresults/0p01tg83.csv,Amayo K.,STA,8,1,6,28:19,4,7,4,5,0,2,0,1,10,1,0,2,5,3,2,0,0
BALresults/0p01tg83.csv,Berthe S.,STA,8,5,4,29:21,2,13,2,7,0,6,4,7,8,1,4,3,1,1,0,1,0
BALresults/0p01tg83.csv,Chinyelu R.,STA,7,11,0,20:48,3,5,3,5,0,0,1,2,-14,4,7,3,0,5,4,0,0
BALresults/0p01tg83.csv,Keita M.,STA,7,3,0,17:20,2,5,1,1,1,4,2,3,3,0,3,1,2,2,0,0,0
BALresults/0p01tg83.csv,Musongela P.,CAP,5,5,1,21:48,2,6,1,2,1,4,0,0,1,1,4,0,1,3,0,1,0
BALresults/0p01tg83.csv,Pare M.,STA,5,2,0,7:01,2,2,1,1,1,1,0,0,2,0,2,2,0,0,0,0,0
BALresults/0p01tg83.csv,Foster G. C.,STA,4,4,7,27:04,2,6,2,6,0,0,0,0,12,0,4,3,3,4,0,1,0
BALresults/0p01tg83.csv,Traore N.,STA,2,0,0,5:00,1,3,1,1,0,2,0,0,-3,0,0,1,0,0,0,0,0
BALresults/0p01tg83.csv,Keita M.,STA,1,2,3,12:56,0,4,0,3,0,1,1,2,-3,1,1,1,1,0,0,0,0
BALresults/0p01tg83.csv,Konate T.,STA,0,0,0,0:00,0,0,0,0,0,0,0,0,0,0,0,0,0,0,0,0,0
BALresults/0p01tg83.csv,Mofokeng L.,CAP,0,0,0,0:04,0,0,0,0,0,0,0,0,0,0,0,0,0,0,0,0,0
BALresults/0p01tg83.csv,Mthembu S.,CAP,0,0,0,0:00,0,0,0,0,0,0,0,0,0,0,0,0,0,0,0,0,0
BALresults/0p01tg83.csv,Reid L.,CAP,0,0,0,0:00,0,0,0,0,0,0,0,0,0,0,0,0,0,0,0,0,0
BALresults/0p01tg83.csv,Selepe L.,CAP,0,4,1,24:44,0,3,0,1,0,2,0,2,-5,1,3,2,1,0,0,1,0
BALresults/0p01tg83.csv,Sibanyoni N.,CAP,0,0,0,3:28,0,0,0,0,0,0,0,0,-5,0,0,1,0,0,0,0,0
BALresults/0p01tg83.csv,Sissouma B.,STA,0,0,0,0:00,0,0,0,0,0,0,0,0,0,0,0,0,0,0,0,0,0
BALresults/0p01tg83.csv,Whitbread D.,CAP,0,0,0,2:52,0,0,0,0,0,0,0,0,0,0,0,0,0,0,0,0,0
BALresults/27ot27T5.csv,Crawford C.,DOU,21,4,4,36:08,8,22,5,13,3,9,2,2,11,1,3,3,2,4,2,2,0
BALresults/27ot27T5.csv,Berthe S.,STA,17,6,2,27:26,6,12,6,8,0,4,5,7,-9,2,4,1,0,4,0,1,0
BALresults/27ot27T5.csv,Osei B.,DOU,14,6,0,17:25,6,12,6,12,0,0,2,4,21,4,2,4,1,1,0,0,0
BALresults/27ot27T5.csv,Boissy J.,DOU,13,4,4,19:38,4,9,4,5,0,4,5,7,19,2,2,2,3,2,0,0,0
BALresults/27ot27T5.csv,Diarra A.,STA,9,14,1,28:27,4,12,4,10,0,2,1,3,-8,7,7,4,2,4,3,1,0
BALresults/27ot27T5.csv,Keita M.,STA,9,2,4,23:58,3,11,0,4,3,7,0,0,0,0,2,2,4,0,0,2,0
BALresults/27ot27T5.csv,Ndiaye B.,DOU,8,8,0,22:00,3,8,3,6,0,2,2,5,-5,2,6,1,0,1,2,2,0
BALresults/27ot27T5.csv,Ochereobia M.,DOU,8,7,1,26:29,3,6,3,6,0,0,2,2,12,3,4,4,0,3,0,1,0
BALresults/27ot27T5.csv,Diop M.,DOU,6,3,2,17:38,3,7,3,7,0,0,0,0,22,3,0,3,1,1,0,0,0
BALresults/27ot27T5.csv,Pare M.,STA,6,3,1,12:49,3,6,3,6,0,0,0,0,10,2,1,4,2,3,0,1,0
BALresults/27ot27T5.csv,Chinyelu R.,STA,5,9,1,23:11,1,6,1,5,0,1,3,4,-11,4,5,3,2,1,1,0,0
BALresults/27ot27T5.csv,Keita M.,STA,4,1,2,26:44,2,4,2,4,0,0,0,0,-2,0,1,2,0,3,0,0,0
BALresults/27ot27T5.csv,Konate T.,STA,3,4,2,13:16,1,3,1,3,0,0,1,2,-14,2,2,1,0,5,0,0,0
BALresults/27ot27T5.csv,Traore N.,STA,3,0,0,4:25,1,2,1,1,0,1,1,4,3,0,0,0,0,0,0,0,0
BALresults/27ot27T5.csv,Amayo K.,STA,2,2,2,18:08,1,7,1,3,0,4,0,0,-18,0,2,1,0,0,0,0,0
BALresults/27ot27T5.csv,Fall S. D.,DOU,2,4,0,25:39,1,3,1,2,0,1,0,0,-1,0,4,0,2,2,0,0,0
BALresults/27ot27T5.csv,Ndour A.,DOU,2,2,5,20:22,1,2,1,2,0,0,0,2,-3,1,1,1,1,3,0,0,0
BALresults/27ot27T5.csv,Diagne M.,DOU,0,2,0,4:15,0,1,0,1,0,0,0,0,-1,0,2,0,0,0,0,0,0
BALresults/27ot27T5.csv,Dienf M.,DOU,0,1,0,0:35,0,1,0,0,0,1,0,0,0,0,1,0,0,0,0,0,0
BALresults/27ot27T5.csv,Kamara A. C.,DOU,0,0,0,0:35,0,0,0,0,0,0,0,0,0,0,0,0,0,0,0,0,0
BALresults/27ot27T5.csv,Maluach K.,DOU,0,3,0,9:16,0,2,0,1,0,1,0,0,5,1,2,3,1,1,1,0,0
BALresults/27ot27T5.csv,Sissouma B.,STA,0,1,0,16:36,0,4,0,0,0,4,0,0,-22,0,1,0,2,2,1,0,0
BALresults/27ot27T5.csv,Wilkins J. W.,STA,0,0,0,5:00,0,1,0,0,0,1,0,0,-9,0,0,1,0,0,0,0,0
BALresults/2LQEG6ra.csv,Miller D.,SLA,20,12,1,39:44,7,13,7,13,0,0,6,9,-8,1,11,2,5,3,0,1,0
BALresults/2LQEG6ra.csv,Ganapamo E.,CAP,15,7,1,38:31,4,15,4,13,0,2,7,9,6,2,5,3,1,2,0,0,0
BALresults/2LQEG6ra.csv,Hall J.,CAP,15,8,1,32:34,5,14,4,10,1,4,4,8,10,1,7,3,0,4,0,0,0
BALresults/2LQEG6ra.csv,Cele S.,CAP,11,5,0,20:30,5,9,4,8,1,1,0,0,1,0,5,0,2,0,0,0,0
BALresults/2LQEG6ra.csv,Conde I.,SLA,11,12,1,28:53,3,11,3,10,0,1,5,5,-11,5,7,4,2,3,1,0,0
BALresults/2LQEG6ra.csv,Nwabuzor M.,SLA,11,5,3,36:52,4,12,3,7,1,5,2,2,-7,3,2,5,0,4,0,2,0
BALresults/2LQEG6ra.csv,Iroegbu U.,SLA,10,3,1,34:33,4,13,2,6,2,7,0,2,-3,0,3,5,1,3,0,0,0
BALresults/2LQEG6ra.csv,Wade Z.,CAP,9,5,5,25:42,3,6,3,4,0,2,3,3,6,2,3,3,1,3,1,0,0
BALresults/2LQEG6ra.csv,Barefield S.,SLA,8,2,3,22:28,3,9,1,4,2,5,0,2,-1,0,2,1,2,1,0,1,0
BALresults/2LQEG6ra.csv,Gbinije M.,CAP,8,6,1,31:57,2,12,0,5,2,7,2,3,6,1,5,2,1,2,1,1,0
BALresults/2LQEG6ra.csv,Prinsloo P.,CAP,8,4,1,20:52,3,4,3,3,0,1,2,3,-1,3,1,3,0,0,1,0,0
BALresults/2LQEG6ra.csv,Sibanyoni N.,CAP,6,7,0,20:16,2,6,2,6,0,0,2,2,8,2,5,5,0,0,1,1,0
BALresults/2LQEG6ra.csv,Doumbouya I.,SLA,5,3,0,7:01,2,4,2,3,0,1,1,2,2,2,1,2,0,0,0,0,0
BALresults/2LQEG6ra.csv,Selepe L.,CAP,3,1,0,9:38,1,2,0,0,1,2,0,2,-1,0,1,1,2,1,0,0,0
BALresults/2LQEG6ra.csv,Fofana I.,SLA,2,1,1,22:34,1,2,1,2,0,0,0,0,-4,0,1,3,0,1,1,0,0
BALresults/2LQEG6ra.csv,Mara M.,SLA,1,0,0,7:55,0,2,0,0,0,2,1,1,-3,0,0,3,0,0,0,0,0
BALresults/2LQEG6ra.csv,Whitbread D.,CAP,0,0,0,0:00,0,0,0,0,0,0,0,0,0,0,0,0,0,0,0,0,0
BALresults/2XlXXBBo.csv,Diarra A.,STA,25,12,2,28:04,11,18,11,17,0,1,3,8,-1,2,10,2,0,3,3,0,0
BALresults/2XlXXBBo.csv,Morais C.,PET,15,9,4,31:53,6,15,4,6,2,9,1,1,-12,2,7,3,2,3,0,0,0
BALresults/2XlXXBBo.csv,Keita M.,STA,8,5,5,26:15,2,7,0,4,2,3,2,4,11,1,4,2,3,2,0,0,0
BALresults/2XlXXBBo.csv,Majok A.,PET,8,8,0,18:16,3,6,3,6,0,0,2,2,8,0,8,2,0,3,1,0,0
BALresults/2XlXXBBo.csv,Berthe S.,STA,7,3,5,24:30,2,11,1,5,1,6,2,4,2,0,3,2,3,3,0,0,0
BALresults/2XlXXBBo.csv,Buiamba G.,PET,7,3,0,10:38,3,5,3,4,0,1,1,1,0,0,3,1,0,1,0,0,0
BALresults/2XlXXBBo.csv,Konate T.,STA,7,0,0,11:21,3,6,2,4,1,2,0,0,-1,0,0,1,0,1,1,0,0
BALresults/2XlXXBBo.csv,Amayo K.,STA,6,3,5,29:31,3,5,3,4,0,1,0,1,9,0,3,1,3,0,0,0,0
BALresults/2XlXXBBo.csv,Diabate M.,PET,6,4,4,31:18,3,9,3,7,0,2,0,0,2,1,3,2,1,2,0,0,0
BALresults/2XlXXBBo.csv,Gakou A.,PET,6,6,0,25:41,2,5,1,1,1,4,1,1,-13,0,6,3,0,1,0,0,0
BALresults/2XlXXBBo.csv,Hollis D.,PET,6,3,1,16:53,2,7,2,7,0,0,2,2,0,1,2,1,2,6,0,0,0
BALresults/2XlXXBBo.csv,Domingos G.,PET,5,1,1,12:27,2,3,1,1,1,2,0,0,2,0,1,0,0,0,0,0,0
BALresults/2XlXXBBo.csv,Dundao C.,PET,5,1,1,19:56,1,6,0,2,1,4,2,2,-4,0,1,1,2,2,0,0,0
BALresults/2XlXXBBo.csv,Keita M.,STA,5,0,0,15:04,2,7,1,1,1,6,0,0,3,0,0,1,1,1,0,0,0
BALresults/2XlXXBBo.csv,Sissouma B.,STA,5,4,3,17:58,2,8,1,1,1,7,0,0,-4,1,3,0,1,0,1,0,0
BALresults/2XlXXBBo.csv,Chinyelu R.,STA,4,9,1,19:14,2,5,2,5,0,0,0,0,20,1,8,1,2,0,0,0,0
BALresults/2XlXXBBo.csv,Pedro J.,PET,4,6,0,19:10,2,6,2,6,0,0,0,2,-11,1,5,4,0,1,0,0,0
BALresults/2XlXXBBo.csv,Goncalves L.,PET,3,1,3,13:48,1,4,0,1,1,3,0,0,-12,0,1,1,1,5,0,0,0
BALresults/2XlXXBBo.csv,Traore N.,STA,3,1,2,13:19,1,1,1,1,0,0,1,2,0,0,1,1,0,4,0,0,0
BALresults/2XlXXBBo.csv,Wilkins J. W.,STA,3,2,1,14:44,1,3,1,2,0,1,1,1,1,0,2,2,0,1,0,0,0
BALresults/4fd2hHWu.csv,Boissy J.,DOU,28,3,2,26:13,5,17,3,6,2,11,16,17,-1,3,0,4,3,2,1,0,0
BALresults/4fd2hHWu.csv,Crawford C.,DOU,26,7,3,38:02,8,16,5,6,3,10,7,7,6,0,7,4,2,4,1,0,0
BALresults/4fd2hHWu.csv,Hollis D.,PET,19,5,1,22:45,6,13,2,7,4,6,3,3,-3,1,4,2,0,1,0,0,0
BALresults/4fd2hHWu.csv,Goncalves L.,PET,17,3,2,30:58,6,7,3,3,3,4,2,4,-2,0,3,4,5,2,0,0,0
BALresults/4fd2hHWu.csv,Bryan-Amaning M.,DOU,14,6,0,29:41,6,6,4,4,2,2,0,1,7,1,5,3,3,2,0,0,0
BALresults/4fd2hHWu.csv,Pedro J.,PET,12,8,5,23:19,5,9,5,9,0,0,2,5,6,6,2,3,0,2,3,2,0
BALresults/4fd2hHWu.csv,Majok A.,PET,9,3,0,16:09,4,5,4,4,0,1,1,2,-10,1,2,3,0,3,0,0,0
BALresults/4fd2hHWu.csv,Dundao C.,PET,8,3,3,30:00,2,7,0,1,2,6,2,2,-3,0,3,3,2,5,0,0,0
BALresults/4fd2hHWu.csv,Diabate M.,PET,7,4,5,22:13,1,7,0,4,1,3,4,4,-6,2,2,2,2,3,0,3,0
BALresults/4fd2hHWu.csv,Maluach K.,DOU,7,4,0,10:19,2,3,2,2,0,1,3,4,-1,2,2,1,0,3,1,0,0
BALresults/4fd2hHWu.csv,Ndour A.,DOU,7,6,5,30:42,3,6,3,5,0,1,1,2,5,0,6,2,2,5,0,0,0
BALresults/4fd2hHWu.csv,Gakou A.,PET,6,2,0,17:15,2,6,0,0,2,6,0,0,-3,0,2,1,1,1,0,0,0
BALresults/4fd2hHWu.csv,Morais C.,PET,6,1,3,26:50,2,11,1,4,1,7,1,2,-2,0,1,3,0,4,0,0,0
BALresults/4fd2hHWu.csv,Diakhite A.,DOU,4,1,0,10:52,2,4,2,3,0,1,0,0,0,0,1,1,0,0,0,1,0
BALresults/4fd2hHWu.csv,Ochereobia M.,DOU,3,4,1,17:15,1,2,1,2,0,0,1,2,3,3,1,3,0,1,0,1,0
BALresults/4fd2hHWu.csv,Domingos G.,PET,2,0,2,2:42,1,1,1,1,0,0,0,0,4,0,0,1,0,1,0,0,0
BALresults/4fd2hHWu.csv,Fall S. D.,DOU,2,2,3,16:50,1,5,1,4,0,1,0,0,6,0,2,4,1,1,0,1,0
BALresults/4fd2hHWu.csv,Diagne M.,DOU,1,3,1,11:53,0,1,0,1,0,0,1,2,3,1,2,3,0,0,2,0,0
BALresults/4fd2hHWu.csv,Bastos P.,PET,0,0,0,4:07,0,1,0,0,0,1,0,0,-5,0,0,0,0,0,0,0,0
BALresults/4fd2hHWu.csv,Buiamba G.,PET,0,1,0,3:42,0,1,0,0,0,1,0,0,-6,0,1,0,0,0,0,0,0
BALresults/4fd2hHWu.csv,Diop M.,DOU,0,1,0,8:07,0,0,0,0,0,0,0,0,3,0,1,0,0,0,0,0,0
BALresults/4fd2hHWu.csv,Maguet Diop P.,DOU,0,0,0,0:06,0,0,0,0,0,0,0,0,-1,0,0,0,0,0,0,0,0
BALresults/6N0csZhc.csv,Filer A.,REG,26,1,9,38:08,9,19,6,10,3,9,5,5,-12,0,1,4,2,3,0,0,0
BALresults/6N0csZhc.csv,Saleh E. A.,ALA,22,6,4,27:44,8,12,5,7,3,5,3,3,4,0,6,1,3,3,0,0,0
BALresults/6N0csZhc.csv,Omot N.,ALA,16,3,1,26:11,4,11,3,6,1,5,7,7,8,1,2,2,0,3,0,0,0
BALresults/6N0csZhc.csv,Mpoyo A.,REG,15,2,0,35:45,4,6,0,1,4,5,3,4,-15,2,0,0,1,1,0,0,0
BALresults/6N0csZhc.csv,Thomas C.,REG,15,5,7,38:23,5,14,4,6,1,8,4,5,-13,2,3,3,1,2,0,0,0
BALresults/6N0csZhc.csv,Webster C.,ALA,13,5,2,17:55,5,10,2,4,3,6,0,0,23,1,4,1,0,1,0,0,0
BALresults/6N0csZhc.csv,Ndayisaba D.,REG,8,3,0,16:07,3,5,1,1,2,4,0,0,-3,3,0,3,1,2,0,0,0
BALresults/6N0csZhc.csv,Aboelnasr M.,ALA,7,3,2,14:02,3,3,2,2,1,1,0,0,14,2,1,1,0,1,0,0,0
BALresults/6N0csZhc.csv,Fakuade M.,ALA,7,6,2,16:49,3,6,2,3,1,3,0,0,9,3,3,0,0,3,0,1,0
BALresults/6N0csZhc.csv,Kambuy P.,REG,7,6,1,28:31,3,9,3,8,0,1,1,2,-2,0,6,3,2,3,1,0,0
BALresults/6N0csZhc.csv,Thompson M.,ALA,7,1,2,27:33,2,3,0,0,2,3,1,1,11,1,0,2,1,0,0,0,0
BALresults/6N0csZhc.csv,Zahran A.,ALA,6,5,2,22:21,2,9,2,4,0,5,2,2,3,1,4,2,1,3,0,1,0
BALresults/6N0csZhc.csv,Oraby O.,ALA,4,1,0,11:36,1,1,1,1,0,0,2,4,-2,0,1,3,0,2,0,0,0
BALresults/6N0csZhc.csv,Said S.,ALA,4,0,0,6:44,2,3,2,3,0,0,0,0,7,0,0,2,1,0,0,0,0
BALresults/6N0csZhc.csv,Camara D.,ALA,3,0,0,1:05,1,1,0,0,1,1,0,0,-1,0,0,0,0,0,0,0,0
BALresults/6N0csZhc.csv,Ismail A.,ALA,3,3,1,21:11,1,2,1,2,0,0,1,2,13,1,2,3,0,1,0,0,0
BALresults/6N0csZhc.csv,Nshobozwabyosenumukiza J.,REG,3,4,1,23:59,1,8,0,2,1,6,0,0,-21,1,3,2,2,1,0,0,0
BALresults/6N0csZhc.csv,El Gendy A.,ALA,2,1,1,3:58,1,2,1,1,0,1,0,0,-2,0,1,0,0,1,0,0,0
BALresults/6N0csZhc.csv,Kamka-Chomke U.,REG,2,1,0,11:29,1,2,1,2,0,0,0,0,-15,1,0,3,0,3,1,0,0
BALresults/6N0csZhc.csv,Graham D.,REG,1,2,1,7:38,0,1,0,0,0,1,1,2,-4,0,2,4,1,0,0,0,0
BALresults/6N0csZhc.csv,Azab O.,ALA,0,0,0,2:50,0,1,0,0,0,1,0,0,-2,0,0,2,0,0,0,0,0
BALresults/6N0csZhc.csv,Habimana N.,REG,0,0,0,0:00,0,0,0,0,0,0,0,0,0,0,0,0,0,0,0,0,0
BALresults/6N0csZhc.csv,Hagumintwari S.,REG,0,0,0,0:00,0,0,0,0,0,0,0,0,0,0,0,0,0,0,0,0,0
BALresults/6N0csZhc.csv,Niyonkuru P.,REG,0,0,0,0:00,0,0,0,0,0,0,0,0,0,0,0,0,0,0,0,0,0
BALresults/6N0csZhc.csv,Shyaka O.,REG,0,0,0,0:00,0,0,0,0,0,0,0,0,0,0,0,0,0,0,0,0,0
BALresults/6N0csZhc.csv,Umuhoza J.,REG,0,0,0,0:00,0,0,0,0,0,0,0,0,0,0,0,0,0,0,0,0,0
BALresults/A75cRNdH.csv,Cele S.,CAP,28,8,3,34:23,11,19,10,15,1,4,5,7,8,2,6,2,1,2,0,1,0
BALresults/A75cRNdH.csv,Jones F.,CIT,27,8,2,37:44,9,16,7,13,2,3,7,10,-10,1,7,1,1,3,0,0,0
BALresults/A75cRNdH.csv,Gbinije M.,CAP,18,8,5,38:32,6,13,2,6,4,7,2,3,7,0,8,4,1,4,0,0,0
BALresults/A75cRNdH.csv,Prinsloo P.,CAP,18,3,6,37:21,5,16,3,7,2,9,6,6,13,0,3,4,0,3,0,0,0
BALresults/A75cRNdH.csv,Justice J.,CIT,9,8,4,40:00,3,14,2,4,1,10,2,2,-10,0,8,2,0,1,0,0,0
BALresults/A75cRNdH.csv,Odeke T.,CIT,8,2,2,17:38,3,6,1,2,2,4,0,2,-8,0,2,4,0,0,1,0,0
BALresults/A75cRNdH.csv,Enabu J.,CIT,7,0,0,26:00,3,6,2,2,1,4,0,1,-12,0,0,2,0,1,0,0,0
BALresults/A75cRNdH.csv,Baale F.,CIT,6,1,0,10:24,2,7,0,0,2,7,0,0,-1,0,1,1,0,0,0,0,0
BALresults/A75cRNdH.csv,Musongela P.,CAP,6,4,0,14:29,2,4,1,2,1,2,1,1,-11,1,3,3,2,0,0,0,0
BALresults/A75cRNdH.csv,Selepe L.,CAP,6,6,3,36:01,2,7,1,1,1,6,1,2,9,0,6,2,1,3,0,0,0
BALresults/A75cRNdH.csv,Drileba T.,CIT,5,7,4,29:59,1,7,0,0,1,7,2,2,-5,2,5,4,2,2,0,0,0
BALresults/A75cRNdH.csv,Ghedi A.,CIT,3,3,0,7:49,1,2,1,2,0,0,1,1,2,1,2,1,0,0,0,0,0
BALresults/A75cRNdH.csv,Okello J.,CIT,3,1,0,12:10,0,2,0,2,0,0,3,4,-6,0,1,1,0,0,0,0,0
BALresults/A75cRNdH.csv,Mofokeng L.,CAP,2,4,1,23:55,1,3,1,3,0,0,0,0,17,1,3,4,0,0,0,0,0
BALresults/A75cRNdH.csv,Sibanyoni N.,CAP,2,0,0,2:39,1,1,1,1,0,0,0,0,-3,0,0,1,0,0,0,0,0
BALresults/A75cRNdH.csv,Barnaba N.,CIT,1,1,0,3:21,0,1,0,0,0,1,1,2,2,0,1,1,0,1,0,0,0
BALresults/A75cRNdH.csv,Roebuck Jr. G.,CIT,1,4,1,10:36,0,2,0,2,0,0,1,2,-2,1,3,2,3,2,0,0,0
BALresults/A75cRNdH.csv,Obe S.,CIT,0,1,0,4:19,0,1,0,1,0,0,0,0,0,1,0,1,0,1,0,0,0
BALresults/A75cRNdH.csv,Whitbread D.,CAP,0,4,1,12:40,0,0,0,0,0,0,0,0,10,1,3,2,0,0,0,0,0
BALresults/AoUMEpDB.csv,Morais C.,PET,18,3,3,19:19,5,10,0,0,5,10,3,3,20,0,3,3,1,0,0,0,0
BALresults/AoUMEpDB.csv,Young N.,FER,17,4,1,25:05,8,12,7,10,1,2,0,1,-8,2,2,3,1,4,0,0,0
BALresults/AoUMEpDB.csv,Nurmamade I.,FER,15,2,2,26:20,5,11,3,5,2,6,3,3,-7,0,2,3,1,2,0,0,0
BALresults/AoUMEpDB.csv,Gueye M.,FER,13,6,2,29:27,5,9,3,5,2,4,1,3,-6,2,4,3,0,6,0,0,0
BALresults/AoUMEpDB.csv,Hollis D.,PET,12,6,4,20:36,5,8,5,7,0,1,2,2,5,2,4,3,2,1,1,0,0
BALresults/AoUMEpDB.csv,Gakou A.,PET,11,5,2,19:24,4,12,2,5,2,7,1,2,20,3,2,3,1,1,0,1,0
BALresults/AoUMEpDB.csv,Goncalves L.,PET,11,4,5,23:60,3,6,1,2,2,4,3,3,16,1,3,1,0,2,0,0,0
BALresults/AoUMEpDB.csv,Majok A.,PET,9,5,2,24:11,3,5,3,4,0,1,3,4,0,0,5,3,1,0,1,0,0
BALresults/AoUMEpDB.csv,Buiamba G.,PET,8,1,1,10:18,4,4,4,4,0,0,0,0,6,1,0,2,2,1,0,0,0
BALresults/AoUMEpDB.csv,Dundao C.,PET,8,2,4,17:23,2,5,0,1,2,4,2,2,14,0,2,3,1,1,0,0,0
BALresults/AoUMEpDB.csv,Munguambe A.,FER,7,4,2,21:36,2,9,2,6,0,3,3,4,-20,1,3,2,1,2,0,0,0
BALresults/AoUMEpDB.csv,Perry W.,FER,7,4,6,29:01,2,6,0,2,2,4,1,1,-12,0,4,2,0,2,0,0,0
BALresults/AoUMEpDB.csv,Bastos P.,PET,6,1,0,12:59,1,3,0,0,1,3,3,5,1,0,1,0,0,0,0,0,0
BALresults/AoUMEpDB.csv,Malale H.,FER,6,1,1,10:59,2,2,2,2,0,0,2,2,-13,0,1,1,2,4,0,0,0
BALresults/AoUMEpDB.csv,Pedro J.,PET,6,4,3,15:49,3,4,3,4,0,0,0,0,25,2,2,3,0,0,0,0,0
BALresults/AoUMEpDB.csv,Domingos G.,PET,5,0,3,10:00,1,2,1,1,0,1,3,4,3,0,0,1,1,0,0,0,0
BALresults/AoUMEpDB.csv,Sidibe B.,FER,5,4,0,23:01,1,3,1,3,0,0,3,4,-18,1,3,4,0,2,0,0,0
BALresults/AoUMEpDB.csv,Diabate M.,PET,4,0,3,14:13,1,4,1,3,0,1,2,2,9,0,0,1,1,4,0,0,0
BALresults/AoUMEpDB.csv,Chirombe C.,FER,3,1,0,12:15,1,2,1,1,0,1,1,2,-17,1,0,0,0,0,0,0,0
BALresults/AoUMEpDB.csv,Hendawy S.,PET,3,2,0,9:51,0,4,0,2,0,2,3,4,2,1,1,0,0,1,0,0,0
BALresults/AoUMEpDB.csv,de Barros L.,FER,2,0,0,5:20,1,2,1,2,0,0,0,0,-8,0,0,2,0,0,0,1,0
BALresults/AoUMEpDB.csv,Mbiya P.,FER,1,3,0,11:13,0,1,0,1,0,0,1,2,-11,1,2,3,1,1,1,1,0
BALresults/AoUMEpDB.csv,Chime A.,PET,0,0,0,1:57,0,1,0,0,0,1,0,0,4,0,0,1,0,0,0,0,0
BALresults/AoUMEpDB.csv,Fijamo T.,FER,0,0,0,4:22,0,1,0,1,0,0,0,0,-1,0,0,2,0,1,0,0,0
BALresults/AoUMEpDB.csv,Houana E.,FER,0,0,0,1:22,0,1,0,0,0,1,0,0,-4,0,0,0,0,0,0,0,0
BALresults/AXll0obI.csv,Boissy J.,DOU,22,4,4,23:45,6,10,1,1,5,9,5,5,6,0,4,4,2,1,0,0,0
BALresults/AXll0obI.csv,Crawford C.,DOU,17,4,6,40:00,6,18,3,9,3,9,2,3,7,0,4,1,1,4,2,0,0
BALresults/AXll0obI.csv,Ezeh V.,KWA,12,2,1,24:14,3,10,0,1,3,9,3,4,-17,0,2,4,0,2,0,0,0
BALresults/AXll0obI.csv,Oriakhi M.,KWA,11,3,2,27:33,5,9,4,6,1,3,0,0,9,0,3,0,2,3,0,1,0
BALresults/AXll0obI.csv,Osei B.,DOU,10,3,1,21:51,5,9,5,9,0,0,0,2,14,2,1,2,0,2,1,0,0
BALresults/AXll0obI.csv,Thiam M.,KWA,10,1,1,16:12,4,8,4,7,0,1,2,2,4,1,0,0,1,1,0,1,0
BALresults/AXll0obI.csv,Adekoya J.,KWA,8,0,2,12:38,2,4,0,0,2,4,2,2,-14,0,0,0,0,1,0,0,0
BALresults/AXll0obI.csv,Mordi J.,KWA,8,7,4,24:21,3,6,2,5,1,1,1,2,-3,2,5,0,2,2,0,0,0
BALresults/AXll0obI.csv,Diagne M.,DOU,6,6,1,25:00,3,3,3,3,0,0,0,0,6,1,5,5,0,3,5,0,0
BALresults/AXll0obI.csv,Diop M.,DOU,6,4,1,20:55,3,6,3,5,0,1,0,0,-1,2,2,0,2,1,0,1,0
BALresults/AXll0obI.csv,Conteh S.,KWA,5,5,1,13:40,2,5,1,3,1,2,0,0,-4,1,4,1,1,1,0,1,0
BALresults/AXll0obI.csv,Mohammed V.,KWA,4,3,0,9:12,2,7,2,7,0,0,0,0,-5,1,2,1,2,0,0,1,0
BALresults/AXll0obI.csv,Monyyong R.,KWA,4,5,0,27:53,1,10,0,7,1,3,1,2,-13,2,3,4,1,3,1,2,0
BALresults/AXll0obI.csv,Ndour A.,DOU,4,2,2,16:15,2,4,2,3,0,1,0,0,1,1,1,1,0,0,1,1,0
BALresults/AXll0obI.csv,Ochereobia M.,DOU,4,5,1,9:07,2,3,2,3,0,0,0,0,2,1,4,5,0,2,0,1,0
BALresults/AXll0obI.csv,Akpejiori A.,KWA,3,5,0,13:21,1,2,1,2,0,0,1,2,3,3,2,2,0,0,0,1,0
BALresults/AXll0obI.csv,Kolawole M. A.,KWA,3,0,0,7:28,1,4,0,1,1,3,0,0,-6,0,0,1,0,1,0,0,0
BALresults/AXll0obI.csv,Ndiaye B.,DOU,3,4,0,18:09,1,5,1,4,0,1,1,2,-7,0,4,0,0,1,0,0,0
BALresults/AXll0obI.csv,Maluach K.,DOU,2,0,1,5:53,1,2,1,2,0,0,0,0,-1,0,0,0,0,0,0,1,0
BALresults/AXll0obI.csv,Fall S. D.,DOU,1,3,2,18:40,0,1,0,0,0,1,1,2,8,0,3,0,1,5,0,0,0
BALresults/AXll0obI.csv,Anthony W. J.,KWA,0,2,0,11:43,0,3,0,2,0,1,0,0,3,1,1,1,0,2,3,0,0
BALresults/AXll0obI.csv,Dienf M.,DOU,0,0,0,0:24,0,0,0,0,0,0,0,0,0,0,0,0,0,0,0,0,0
BALresults/AXll0obI.csv,Kareem A.,KWA,0,0,1,5:46,0,3,0,3,0,0,0,0,8,0,0,1,1,0,0,2,0
BALresults/AXll0obI.csv,Nyemeck K.,KWA,0,0,0,6:00,0,0,0,0,0,0,0,0,0,0,0,0,0,0,0,0,0
BALresults/EuClTqS4.csv,Young N.,FER,29,8,2,37:14,10,16,8,13,2,3,7,8,-19,3,5,3,2,3,0,0,0
BALresults/EuClTqS4.csv,Justice J.,CIT,25,4,6,35:39,8,15,2,6,6,9,3,3,12,0,4,1,1,4,0,0,0
BALresults/EuClTqS4.csv,Jones F.,CIT,24,7,4,33:01,8,16,4,8,4,8,4,7,23,2,5,1,1,1,1,2,0
BALresults/EuClTqS4.csv,Roebuck Jr. G.,CIT,23,9,3,34:45,11,20,11,17,0,3,1,3,17,5,4,2,2,2,0,0,0
BALresults/EuClTqS4.csv,Perry W.,FER,17,8,4,38:18,4,15,1,5,3,10,6,6,-17,2,6,2,1,4,0,1,0
BALresults/EuClTqS4.csv,Drileba T.,CIT,12,1,1,19:37,4,5,0,0,4,5,0,0,13,0,1,1,2,0,0,0,0
BALresults/EuClTqS4.csv,Gueye M.,FER,9,7,2,26:50,2,9,2,5,0,4,5,6,-20,4,3,2,3,2,1,0,0
BALresults/EuClTqS4.csv,Nurmamade I.,FER,7,2,2,32:48,2,8,1,6,1,2,2,3,-12,1,1,0,0,4,0,0,0
BALresults/EuClTqS4.csv,Sidibe B.,FER,7,7,1,31:13,3,8,3,8,0,0,1,2,-11,3,4,5,0,3,3,0,0
BALresults/EuClTqS4.csv,Munguambe A.,FER,5,0,1,12:33,2,7,1,3,1,4,0,0,-15,0,0,3,1,2,0,1,0
BALresults/EuClTqS4.csv,Obe S.,CIT,5,1,0,11:01,2,3,2,3,0,0,1,4,5,1,0,2,1,2,0,1,0
BALresults/EuClTqS4.csv,Odeke T.,CIT,3,1,1,11:27,1,3,0,2,1,1,0,0,3,1,0,3,0,1,0,1,0
BALresults/EuClTqS4.csv,Barnaba N.,CIT,2,3,1,13:32,1,4,1,2,0,2,0,0,11,0,3,2,0,2,1,0,0
BALresults/EuClTqS4.csv,Enabu J.,CIT,2,3,1,17:49,1,3,1,2,0,1,0,2,7,0,3,2,1,0,0,0,0
BALresults/EuClTqS4.csv,Chirombe C.,FER,1,4,1,18:10,0,1,0,0,0,1,1,2,-4,1,3,2,0,1,0,0,0
BALresults/EuClTqS4.csv,Baale F.,CIT,0,1,2,8:55,0,1,0,0,0,1,0,0,4,0,1,1,0,1,0,0,0
BALresults/EuClTqS4.csv,Houana E.,FER,0,0,0,1:12,0,0,0,0,0,0,0,0,-3,0,0,1,0,1,0,0,0
BALresults/EuClTqS4.csv,Malale H.,FER,0,0,0,1:42,0,0,0,0,0,0,0,0,-4,0,0,0,0,0,0,0,0
BALresults/EuClTqS4.csv,Muhwezi I.,CIT,0,0,0,2:00,0,0,0,0,0,0,0,0,-1,0,0,1,0,0,0,0,0
BALresults/EuClTqS4.csv,Okello J.,CIT,0,3,2,11:34,0,0,0,0,0,0,0,0,12,2,1,4,0,1,0,0,0
BALresults/EuClTqS4.csv,Walujjo E.,CIT,0,0,0,0:40,0,0,0,0,0,0,0,0,-1,0,0,0,0,0,0,0,0
BALresults/fyaP5kUt.csv,Filer A.,REG,25,4,6,37:24,8,17,3,8,5,9,4,5,13,1,3,3,0,6,0,0,0
BALresults/fyaP5kUt.csv,Konate S.,ABI,16,5,4,35:11,5,13,0,3,5,10,1,2,-10,0,5,1,0,2,0,0,0
BALresults/fyaP5kUt.csv,Thomas C.,REG,14,4,6,37:06,5,12,4,9,1,3,3,3,4,1,3,3,2,2,0,0,0
BALresults/fyaP5kUt.csv,Harouna A.,ABI,12,4,4,31:14,4,13,2,4,2,9,2,2,-7,0,4,0,2,5,0,0,0
BALresults/fyaP5kUt.csv,Kra U.,ABI,12,2,0,15:02,4,7,3,4,1,3,3,4,-2,0,2,2,0,1,0,0,0
BALresults/fyaP5kUt.csv,Bile C.,ABI,10,3,2,24:18,2,6,1,3,1,3,5,6,-7,2,1,2,2,3,0,0,0
BALresults/fyaP5kUt.csv,Ndayisaba D.,REG,10,0,0,22:21,4,10,2,4,2,6,0,0,9,0,0,1,1,2,0,0,0
BALresults/fyaP5kUt.csv,Kambuy P.,REG,9,8,0,17:54,4,7,4,7,0,0,1,2,10,5,3,3,0,1,2,0,0
BALresults/fyaP5kUt.csv,Robinson A. D. J.,ABI,9,5,2,23:05,3,8,3,6,0,2,3,3,-12,1,4,1,0,2,0,2,0
BALresults/fyaP5kUt.csv,Nshobozwabyosenumukiza J.,REG,7,10,3,21:07,3,9,2,5,1,4,0,0,-2,1,9,1,1,1,1,0,0
BALresults/fyaP5kUt.csv,Graham D.,REG,6,7,6,34:21,2,4,2,3,0,1,2,2,0,1,6,3,1,2,1,0,0
BALresults/fyaP5kUt.csv,Obekpa C.,ABI,6,9,3,31:22,3,9,3,9,0,0,0,0,-16,4,5,4,0,1,2,2,0
BALresults/fyaP5kUt.csv,Hagumintwari S.,REG,3,0,1,10:33,1,2,1,1,0,1,1,1,1,0,0,1,0,1,0,0,0
BALresults/fyaP5kUt.csv,Kone F.,ABI,3,0,2,14:40,1,3,0,1,1,2,0,0,10,0,0,1,0,0,0,1,0
BALresults/fyaP5kUt.csv,Kone M.,ABI,2,1,1,8:38,1,1,1,1,0,0,0,0,9,0,1,3,0,0,0,0,0
BALresults/GAkp1RrC.csv,Berthe S.,STA,23,7,4,32:11,6,20,4,10,2,10,9,10,15,1,6,3,2,5,1,0,0
BALresults/GAkp1RrC.csv,Diarra A.,STA,20,16,2,27:52,9,12,9,11,0,1,2,3,16,5,11,1,1,2,2,0,0
BALresults/GAkp1RrC.csv,Filer A.,REG,19,1,0,36:28,4,13,3,7,1,6,10,11,-14,1,0,1,2,2,0,1,0
BALresults/GAkp1RrC.csv,Graham D.,REG,18,4,0,26:39,8,11,8,10,0,1,2,4,-12,2,2,3,2,7,0,0,0
BALresults/GAkp1RrC.csv,Amayo K.,STA,14,8,6,29:32,5,9,3,5,2,4,2,7,13,3,5,1,5,1,0,0,0
BALresults/GAkp1RrC.csv,Ndayisaba D.,REG,8,7,0,23:29,3,10,2,3,1,7,1,1,-16,3,4,1,1,1,0,0,0
BALresults/GAkp1RrC.csv,Nshobozwabyosenumukiza J.,REG,8,6,1,25:43,3,8,1,2,2,6,0,0,-18,3,3,5,2,5,0,0,0
BALresults/GAkp1RrC.csv,Traore N.,STA,7,2,1,8:17,3,5,2,2,1,3,0,0,8,1,1,0,0,1,0,0,0
BALresults/GAkp1RrC.csv,Keita M.,STA,6,2,0,20:44,2,8,0,1,2,7,0,0,14,0,2,2,1,3,0,0,0
BALresults/GAkp1RrC.csv,Thomas C.,REG,6,5,10,36:25,3,15,3,10,0,5,0,0,-14,3,2,4,1,1,0,2,0
BALresults/GAkp1RrC.csv,Wilkins J. W.,STA,6,3,2,17:15,2,3,0,0,2,3,0,0,10,1,2,3,0,0,0,0,0
BALresults/GAkp1RrC.csv,Brigeforth B.,STA,3,2,1,12:08,1,3,1,3,0,0,1,2,4,0,2,1,0,0,0,1,0
BALresults/GAkp1RrC.csv,Kamka-Chomke U.,REG,3,9,0,23:38,1,7,1,7,0,0,1,2,-12,3,6,1,0,1,2,0,0
BALresults/GAkp1RrC.csv,Keita M.,STA,3,2,2,22:36,1,6,1,5,0,1,1,2,6,2,0,2,0,2,0,2,0
BALresults/GAkp1RrC.csv,Chinyelu R.,STA,2,7,0,21:58,1,2,1,2,0,0,0,0,9,5,2,3,1,1,0,0,0
BALresults/GAkp1RrC.csv,Kambuy P.,REG,2,2,0,16:22,0,3,0,3,0,0,2,2,-8,0,2,4,0,3,1,0,0
BALresults/GAkp1RrC.csv,Habimana N.,REG,0,0,0,1:40,0,1,0,0,0,1,0,0,-2,0,0,0,0,0,0,0,0
BALresults/GAkp1RrC.csv,Hagumintwari S.,REG,0,0,1,5:40,0,1,0,1,0,0,0,0,1,0,0,1,0,1,0,0,0
BALresults/GAkp1RrC.csv,Konate T.,STA,0,0,1,6:40,0,1,0,0,0,1,0,0,4,0,0,1,1,1,0,0,0
BALresults/GAkp1RrC.csv,Niyonkuru P.,REG,0,1,0,1:40,0,0,0,0,0,0,0,0,-2,0,1,0,0,0,0,0,0
BALresults/GAkp1RrC.csv,Prince M.,REG,0,0,0,0:36,0,0,0,0,0,0,0,0,0,0,0,0,0,0,0,0,0
BALresults/GAkp1RrC.csv,Shyaka O.,REG,0,0,0,1:40,0,1,0,1,0,0,0,0,-2,0,0,0,0,0,0,0,0
BALresults/GAkp1RrC.csv,Sissouma B.,STA,0,0,0,0:47,0,0,0,0,0,0,0,0,1,0,0,0,0,0,0,0,0
BALresults/hKdgrFwi.csv,Fall S. D.,DOU,23,6,5,33:34,9,13,5,8,4,5,1,1,18,3,3,3,3,2,0,0,0
BALresults/hKdgrFwi.csv,Gueye M.,FER,19,9,0,29:23,8,17,6,11,2,6,1,2,-11,3,6,3,2,1,1,0,0
BALresults/hKdgrFwi.csv,Crawford C.,DOU,17,5,4,30:03,6,17,2,7,4,10,1,1,19,0,5,2,3,2,0,0,0
BALresults/hKdgrFwi.csv,Boissy J.,DOU,15,3,3,14:07,4,12,1,5,3,7,4,5,13,0,3,4,0,2,0,0,0
BALresults/hKdgrFwi.csv,Bryan-Amaning M.,DOU,13,11,0,28:12,6,11,6,11,0,0,1,6,21,7,4,2,1,0,0,0,0
BALresults/hKdgrFwi.csv,Nurmamade I.,FER,13,5,2,31:13,4,10,3,5,1,5,4,8,-12,2,3,1,1,4,0,0,0
BALresults/hKdgrFwi.csv,Young N.,FER,13,4,0,33:31,3,14,2,9,1,5,6,7,-6,3,1,4,3,0,0,0,0
BALresults/hKdgrFwi.csv,Perry W.,FER,10,6,8,36:42,3,12,1,3,2,9,2,2,-18,2,4,4,4,7,0,0,0
BALresults/hKdgrFwi.csv,Diagne M.,DOU,8,5,0,12:34,4,4,4,4,0,0,0,1,5,2,3,1,0,0,0,0,0
BALresults/hKdgrFwi.csv,Munguambe A.,FER,8,5,0,20:10,3,7,2,5,1,2,1,2,-16,1,4,2,2,2,0,0,0
BALresults/hKdgrFwi.csv,Sidibe B.,FER,8,6,0,27:30,2,7,2,7,0,0,4,12,-9,5,1,4,0,3,0,0,0
BALresults/hKdgrFwi.csv,Ndour A.,DOU,6,3,8,25:53,3,7,3,5,0,2,0,0,7,1,2,0,2,5,0,0,0
BALresults/hKdgrFwi.csv,Ndiaye B.,DOU,3,1,0,9:25,1,1,1,1,0,0,1,1,2,0,1,0,0,1,0,0,0
BALresults/hKdgrFwi.csv,Diop M.,DOU,2,2,0,8:23,1,5,1,2,0,3,0,0,-2,2,0,1,0,1,0,0,0
BALresults/hKdgrFwi.csv,Maguet Diop P.,DOU,2,1,0,5:55,0,0,0,0,0,0,2,4,5,1,0,0,0,0,0,0,0
BALresults/hKdgrFwi.csv,Mbiya P.,FER,2,8,1,10:25,1,3,1,3,0,0,0,0,-11,5,3,1,0,3,0,0,0
BALresults/hKdgrFwi.csv,Ochereobia M.,DOU,2,4,1,11:19,1,1,1,1,0,0,0,0,-2,2,2,4,0,2,0,0,0
BALresults/hKdgrFwi.csv,Diakhite A.,DOU,1,3,0,15:05,0,6,0,6,0,0,1,2,15,1,2,4,3,3,0,1,0
BALresults/hKdgrFwi.csv,Maluach K.,DOU,1,2,0,3:25,0,0,0,0,0,0,1,2,-1,0,2,3,0,0,0,0,0
BALresults/hKdgrFwi.csv,Chirombe C.,FER,0,1,0,6:40,0,0,0,0,0,0,0,0,-13,0,1,0,0,0,0,0,0
BALresults/hKdgrFwi.csv,de Barros L.,FER,0,0,0,0:34,0,0,0,0,0,0,0,0,-1,0,0,0,0,0,0,0,0
BALresults/hKdgrFwi.csv,Dienf M.,DOU,0,0,0,2:05,0,1,0,0,0,1,0,0,0,0,0,0,0,0,0,0,0
BALresults/hKdgrFwi.csv,Fijamo T.,FER,0,0,0,0:34,0,0,0,0,0,0,0,0,-1,0,0,0,0,0,0,0,0
BALresults/hKdgrFwi.csv,Malale H.,FER,0,0,0,3:18,0,2,0,0,0,2,0,0,-2,0,0,2,0,0,0,0,0
BALresults/KdyAHnTh.csv,Omot N.,ALA,21,3,2,25:05,6,10,5,8,1,2,8,8,27,0,3,1,1,3,1,0,0
BALresults/KdyAHnTh.csv,Perry W.,FER,18,6,5,31:24,6,13,5,8,1,5,5,6,-22,1,5,3,0,3,0,1,0
BALresults/KdyAHnTh.csv,Sidibe B.,FER,17,7,0,30:55,6,12,6,12,0,0,5,8,-17,5,2,4,2,1,0,2,0
BALresults/KdyAHnTh.csv,Oraby O.,ALA,15,6,0,21:49,6,6,6,6,0,0,3,3,15,0,6,4,1,2,2,0,0
BALresults/KdyAHnTh.csv,Nurmamade I.,FER,12,1,2,24:20,4,9,3,7,1,2,3,4,-10,0,1,0,0,0,0,0,0
BALresults/KdyAHnTh.csv,Thompson M.,ALA,11,3,6,24:13,2,6,0,0,2,6,5,5,17,0,3,4,0,1,0,0,0
BALresults/KdyAHnTh.csv,Webster C.,ALA,11,5,7,22:48,4,9,3,6,1,3,2,2,8,1,4,1,1,2,0,0,0
BALresults/KdyAHnTh.csv,Young N.,FER,10,6,1,25:09,4,10,4,10,0,0,2,2,-12,4,2,3,1,3,0,0,0
BALresults/KdyAHnTh.csv,El Gendy A.,ALA,8,1,0,16:36,3,7,1,2,2,5,0,0,-8,0,1,3,0,3,0,0,0
BALresults/KdyAHnTh.csv,Zahran A.,ALA,8,1,3,19:25,4,7,4,6,0,1,0,1,10,0,1,4,3,0,0,0,0
BALresults/KdyAHnTh.csv,Tarek M.,ALA,7,2,4,20:50,2,3,0,0,2,3,1,1,-3,0,2,1,0,2,0,0,0
BALresults/KdyAHnTh.csv,Gueye M.,FER,6,6,0,24:38,2,12,2,7,0,5,2,2,-16,2,4,2,1,0,0,1,0
BALresults/KdyAHnTh.csv,Camara D.,ALA,5,1,1,8:50,1,3,0,0,1,3,2,2,17,0,1,1,0,0,0,0,0
BALresults/KdyAHnTh.csv,Munguambe A.,FER,5,6,1,17:48,2,9,2,9,0,0,1,2,2,2,4,3,0,1,0,0,0
BALresults/KdyAHnTh.csv,Malale H.,FER,4,1,0,8:36,1,4,1,4,0,0,2,2,4,0,1,1,0,0,0,1,0
BALresults/KdyAHnTh.csv,Sarhan M.,ALA,4,2,1,9:22,1,2,1,1,0,1,2,4,-1,1,1,3,0,0,0,0,0
BALresults/KdyAHnTh.csv,Aboelnasr M.,ALA,2,2,0,17:18,1,4,1,2,0,2,0,0,12,0,2,1,0,1,0,0,0
BALresults/KdyAHnTh.csv,Chirombe C.,FER,1,7,1,23:22,0,1,0,1,0,0,1,2,-8,3,4,2,0,1,0,0,0
BALresults/KdyAHnTh.csv,Mbiya P.,FER,1,2,0,4:39,0,1,0,1,0,0,1,2,3,2,0,0,0,1,0,0,0
BALresults/KdyAHnTh.csv,de Barros L.,FER,0,0,0,2:44,0,1,0,1,0,0,0,0,-3,0,0,1,0,0,0,0,0
BALresults/KdyAHnTh.csv,Fijamo T.,FER,0,0,0,1:42,0,1,0,1,0,0,0,0,-2,0,0,0,0,0,0,0,0
BALresults/KdyAHnTh.csv,Houana E.,FER,0,0,0,4:43,0,1,0,0,0,1,0,0,-9,0,0,0,1,0,0,0,0
BALresults/KdyAHnTh.csv,Said S.,ALA,0,6,0,13:44,0,2,0,1,0,1,0,0,-4,2,4,2,0,1,2,0,0
BALresults/KICpUPCb.csv,Young N.,FER,26,13,0,36:26,10,22,9,19,1,3,5,5,11,6,7,3,0,7,0,0,0
BALresults/KICpUPCb.csv,Gbinije M.,CAP,20,7,6,40:00,6,15,4,6,2,9,6,8,-6,0,7,2,2,3,1,0,0
BALresults/KICpUPCb.csv,Nurmamade I.,FER,20,3,3,33:14,7,13,5,10,2,3,4,5,6,0,3,2,2,3,0,0,0
BALresults/KICpUPCb.csv,Sidibe B.,FER,19,15,0,36:57,7,15,7,14,0,1,5,7,7,8,7,4,3,3,2,1,0
BALresults/KICpUPCb.csv,Ganapamo E.,CAP,17,5,3,36:50,6,11,5,6,1,5,4,4,-5,0,5,3,1,3,0,0,0
BALresults/KICpUPCb.csv,Wade Z.,CAP,17,3,5,34:06,6,10,4,6,2,4,3,3,-7,1,2,4,1,5,0,0,0
BALresults/KICpUPCb.csv,Prinsloo P.,CAP,11,2,0,24:02,3,8,0,1,3,7,2,2,-4,0,2,5,1,1,1,0,0
BALresults/KICpUPCb.csv,Cele S.,CAP,9,5,5,39:08,4,12,3,5,1,7,0,0,-9,4,1,3,5,3,0,0,0
BALresults/KICpUPCb.csv,Perry W.,FER,9,4,10,40:00,2,11,2,6,0,5,5,5,6,0,4,3,1,5,0,1,0
BALresults/KICpUPCb.csv,Gueye M.,FER,6,8,1,32:08,3,9,3,7,0,2,0,0,11,3,5,4,0,3,0,0,0
BALresults/KICpUPCb.csv,Chirombe C.,FER,2,3,0,10:20,1,3,1,3,0,0,0,0,-5,2,1,1,2,2,0,0,0
BALresults/KICpUPCb.csv,Mthembu S.,CAP,1,0,0,5:09,0,0,0,0,0,0,1,2,4,0,0,0,0,0,1,0,0
BALresults/KICpUPCb.csv,Sibanyoni N.,CAP,1,3,0,10:37,0,5,0,5,0,0,1,2,-2,2,1,3,0,0,0,2,0
BALresults/KICpUPCb.csv,Munguambe A.,FER,0,2,1,10:55,0,1,0,1,0,0,0,0,-6,2,0,1,0,2,0,1,0
BALresults/KICpUPCb.csv,Selepe L.,CAP,0,0,0,3:31,0,2,0,1,0,1,0,0,2,0,0,0,1,0,0,0,0
BALresults/KICpUPCb.csv,Whitbread D.,CAP,0,0,0,6:37,0,2,0,1,0,1,0,0,-3,0,0,1,0,0,0,0,0
BALresults/Krdy3mEa.csv,Harouna A.,ABI,33,6,3,39:47,12,24,8,12,4,12,5,6,14,1,5,2,3,3,0,0,0
BALresults/Krdy3mEa.csv,Randle J.,USM,25,5,5,35:57,9,15,6,8,3,7,4,5,-15,1,4,2,0,4,0,1,0
BALresults/Krdy3mEa.csv,Fofana M.,ABI,18,4,3,22:17,7,16,3,9,4,7,0,0,8,3,1,1,1,1,0,0,0
BALresults/Krdy3mEa.csv,Konate S.,ABI,15,4,2,27:36,3,6,2,2,1,4,8,9,10,0,4,3,3,1,0,0,0
BALresults/Krdy3mEa.csv,Thomas I.,USM,14,10,0,29:33,4,7,1,2,3,5,3,6,-17,1,9,1,0,3,1,0,0
BALresults/Krdy3mEa.csv,Slimane R.,USM,12,2,0,27:25,4,11,3,3,1,8,3,4,-6,0,2,5,1,4,0,0,0
BALresults/Krdy3mEa.csv,Robinson A. D. J.,ABI,9,4,2,32:15,4,11,4,10,0,1,1,2,12,1,3,3,3,1,0,0,0
BALresults/Krdy3mEa.csv,Marnaoui O.,USM,6,2,1,14:46,2,6,2,2,0,4,2,2,-1,1,1,0,1,2,0,0,0
BALresults/Krdy3mEa.csv,Bile C.,ABI,5,2,2,13:23,2,9,1,5,1,4,0,0,7,0,2,3,0,0,1,2,0
BALresults/Krdy3mEa.csv,Lahyani F.,USM,5,3,0,19:21,2,5,2,4,0,1,1,2,-11,1,2,0,0,3,0,0,0
BALresults/Krdy3mEa.csv,Kone F.,ABI,4,0,1,7:46,2,2,2,2,0,0,0,0,4,0,0,1,0,1,0,0,0
BALresults/Krdy3mEa.csv,Obekpa C.,ABI,4,9,2,35:03,2,5,2,5,0,0,0,0,13,3,6,4,1,3,0,0,0
BALresults/Krdy3mEa.csv,Addami A.,USM,3,0,1,5:06,1,2,0,0,1,2,0,0,-7,0,0,1,0,0,0,0,0
BALresults/Krdy3mEa.csv,Bouallegue A.,USM,3,0,0,7:58,1,1,0,0,1,1,0,0,-12,0,0,2,1,3,1,0,0
BALresults/Krdy3mEa.csv,Chouaya L.,USM,2,0,1,14:20,1,4,1,3,0,1,0,0,-3,0,0,1,0,1,0,0,0
BALresults/Krdy3mEa.csv,Ghayaza M.,USM,2,3,1,22:08,1,2,1,2,0,0,0,0,4,0,3,4,1,2,0,1,0
BALresults/Krdy3mEa.csv,Kone M.,ABI,2,3,0,7:40,1,3,1,3,0,0,0,0,9,1,2,3,0,0,1,0,0
BALresults/Krdy3mEa.csv,Mahemli H.,USM,2,5,0,18:52,1,4,1,1,0,3,0,0,-7,1,4,3,0,0,0,0,0
BALresults/Krdy3mEa.csv,Chennoufi Z.,USM,0,3,0,4:34,0,0,0,0,0,0,0,0,-5,0,3,0,0,0,0,0,0
BALresults/Krdy3mEa.csv,Diarra I.,ABI,0,0,0,1:37,0,1,0,1,0,0,0,0,-5,0,0,1,0,0,0,0,0
BALresults/Krdy3mEa.csv,Kra U.,ABI,0,3,0,9:05,0,2,0,1,0,1,0,0,11,1,2,2,0,0,0,0,0
BALresults/Krdy3mEa.csv,Sylla H.,ABI,0,0,0,3:32,0,0,0,0,0,0,0,0,-3,0,0,1,0,0,0,0,0
BALresults/lb41QsCN.csv,Oraby O.,ALA,20,8,1,21:24,9,11,9,11,0,0,2,4,20,3,5,2,0,2,3,1,0
BALresults/lb41QsCN.csv,Nwabuzor M.,SLA,19,3,4,36:29,4,10,4,7,0,3,11,12,-11,1,2,1,3,3,0,0,0
BALresults/lb41QsCN.csv,Mara M.,SLA,16,4,0,17:29,6,9,5,7,1,2,3,3,13,1,3,3,1,1,0,0,0
BALresults/lb41QsCN.csv,Saleh E. A.,ALA,16,6,3,22:49,6,9,3,5,3,4,1,2,24,0,6,2,3,1,0,0,0
BALresults/lb41QsCN.csv,Iroegbu U.,SLA,13,3,3,36:22,5,13,5,10,0,3,3,4,-4,2,1,3,1,4,0,0,0
BALresults/lb41QsCN.csv,Miller D.,SLA,12,5,1,39:10,4,10,4,9,0,1,4,4,-12,1,4,3,3,5,0,2,0
BALresults/lb41QsCN.csv,Thompson M.,ALA,11,0,6,30:19,3,10,3,4,0,6,5,5,22,0,0,3,1,2,0,0,0
BALresults/lb41QsCN.csv,Zahran A.,ALA,11,3,3,22:23,4,7,3,4,1,3,2,2,25,2,1,1,1,3,0,0,0
BALresults/lb41QsCN.csv,Omot N.,ALA,6,1,4,21:48,2,8,2,4,0,4,2,3,27,0,1,2,0,4,0,0,0
BALresults/lb41QsCN.csv,Conde I.,SLA,4,7,2,24:33,2,10,2,10,0,0,0,0,-22,2,5,2,1,1,1,1,0
BALresults/lb41QsCN.csv,El Gendy A.,ALA,4,6,4,23:07,1,7,1,4,0,3,2,3,-13,3,3,1,2,2,0,0,0
BALresults/lb41QsCN.csv,Fofana I.,SLA,4,2,0,23:04,1,2,0,0,1,2,1,2,-26,0,2,3,2,3,0,0,0
BALresults/lb41QsCN.csv,Ismail A.,ALA,4,9,0,16:02,2,3,2,3,0,0,0,0,-13,3,6,3,0,4,0,0,0
BALresults/lb41QsCN.csv,Aboelnasr M.,ALA,3,1,0,18:31,1,3,1,2,0,1,1,2,-17,1,0,1,0,1,0,0,0
BALresults/lb41QsCN.csv,Sarhan M.,ALA,3,4,0,9:33,1,2,0,1,1,1,0,0,0,1,3,1,0,1,0,0,0
BALresults/lb41QsCN.csv,Doumbouya I.,SLA,2,1,0,7:07,1,2,1,1,0,1,0,0,3,0,1,2,0,0,0,0,0
BALresults/lb41QsCN.csv,Webster C.,ALA,2,0,0,7:20,0,2,0,1,0,1,2,2,-13,0,0,2,0,1,0,0,0
BALresults/lb41QsCN.csv,Bah A.,SLA,0,0,0,0:26,0,0,0,0,0,0,0,0,-3,0,0,0,0,0,0,0,0
BALresults/lb41QsCN.csv,Kaba A.,SLA,0,0,0,0:26,0,0,0,0,0,0,0,0,-3,0,0,0,0,0,0,0,0
BALresults/lb41QsCN.csv,Mabil M.,SLA,0,2,1,14:28,0,3,0,2,0,1,0,0,18,0,2,2,0,0,0,0,0
BALresults/lb41QsCN.csv,Sompare A.,SLA,0,0,0,0:26,0,0,0,0,0,0,0,0,-3,0,0,0,0,0,0,0,0
BALresults/lb41QsCN.csv,Tarek M.,ALA,0,1,0,6:45,0,2,0,0,0,2,0,0,-12,0,1,1,0,0,0,0,0
BALresults/lfMdAVLP.csv,Diarra A.,STA,23,14,2,28:29,9,14,9,14,0,0,5,8,13,8,6,5,2,0,5,0,0
BALresults/lfMdAVLP.csv,Berthe S.,STA,20,4,3,34:12,8,14,6,9,2,5,2,5,-3,0,4,0,1,3,0,0,0
BALresults/lfMdAVLP.csv,Anthony W. J.,KWA,19,5,0,23:27,6,12,3,9,3,3,4,5,5,3,2,2,1,1,1,3,0
BALresults/lfMdAVLP.csv,Adekoya J.,KWA,12,2,0,17:50,3,6,1,2,2,4,4,4,6,0,2,3,0,4,0,1,0
BALresults/lfMdAVLP.csv,Thiam M.,KWA,11,0,1,21:17,4,8,3,5,1,3,2,3,-1,0,0,2,2,0,0,0,0
BALresults/lfMdAVLP.csv,Chinyelu R.,STA,10,7,1,19:40,5,8,5,8,0,0,0,0,-2,6,1,3,1,2,2,0,0
BALresults/lfMdAVLP.csv,Ezeh V.,KWA,10,2,1,21:04,4,11,3,6,1,5,1,2,-1,0,2,1,1,2,0,0,0
BALresults/lfMdAVLP.csv,Mordi J.,KWA,8,4,5,21:58,3,6,1,3,2,3,0,0,16,0,4,4,1,0,0,0,0
BALresults/lfMdAVLP.csv,Brigeforth B.,STA,6,7,1,13:52,3,4,3,4,0,0,0,0,5,2,5,1,0,2,0,0,0
BALresults/lfMdAVLP.csv,Kolawole M. A.,KWA,6,5,2,16:27,3,9,3,7,0,2,0,0,-18,2,3,0,0,3,0,0,0
BALresults/lfMdAVLP.csv,Keita M.,STA,5,1,1,14:45,2,5,1,2,1,3,0,0,-3,0,1,2,0,2,0,0,0
BALresults/lfMdAVLP.csv,Amayo K.,STA,4,2,4,27:12,2,11,2,6,0,5,0,2,11,2,0,3,4,5,0,0,0
BALresults/lfMdAVLP.csv,Konate T.,STA,4,2,0,16:29,1,4,1,2,0,2,2,2,0,0,2,1,1,0,0,0,0
BALresults/lfMdAVLP.csv,Keita M.,STA,3,2,5,23:49,1,6,1,3,0,3,1,1,3,0,2,3,1,2,0,1,0
BALresults/lfMdAVLP.csv,Monyyong R.,KWA,3,7,1,25:18,0,3,0,3,0,0,3,8,-11,5,2,3,0,3,0,0,0
BALresults/lfMdAVLP.csv,Pare M.,STA,3,1,1,9:18,0,4,0,3,0,1,3,4,-1,0,1,2,0,0,0,0,0
BALresults/lfMdAVLP.csv,Akpejiori A.,KWA,2,2,0,6:30,0,0,0,0,0,0,2,2,-3,0,2,2,0,1,0,0,0
BALresults/lfMdAVLP.csv,Mohammed V.,KWA,2,7,2,12:13,0,3,0,3,0,0,2,4,5,4,3,0,1,3,0,1,0
BALresults/lfMdAVLP.csv,Nyemeck K.,KWA,1,3,0,12:32,0,3,0,3,0,0,1,2,-4,2,1,2,0,0,0,1,0
BALresults/lfMdAVLP.csv,Conteh S.,KWA,0,1,1,2:54,0,1,0,1,0,0,0,0,-4,0,1,1,0,1,0,1,0
BALresults/lfMdAVLP.csv,Kareem A.,KWA,0,1,0,9:46,0,0,0,0,0,0,0,0,-10,0,1,2,0,1,0,0,0
BALresults/lfMdAVLP.csv,Oriakhi M.,KWA,0,1,3,8:44,0,1,0,1,0,0,0,0,0,1,0,0,2,2,0,0,0
BALresults/lfMdAVLP.csv,Traore N.,STA,0,1,0,3:33,0,0,0,0,0,0,0,0,4,0,1,0,0,0,0,0,0
BALresults/lfMdAVLP.csv,Wilkins J. W.,STA,0,1,1,8:41,0,2,0,2,0,0,0,0,-7,1,0,4,0,2,0,0,0
BALresults/lOmha5DO.csv,Bile C.,ABI,24,5,1,19:12,7,12,4,7,3,5,7,8,10,2,3,1,0,1,0,1,0
BALresults/lOmha5DO.csv,Anthony W. J.,KWA,15,3,1,20:16,4,9,3,4,1,5,6,8,6,1,2,2,0,2,3,0,0
BALresults/lOmha5DO.csv,Mordi J.,KWA,14,14,6,31:18,4,10,1,7,3,3,3,5,-6,4,10,2,2,1,0,0,0
BALresults/lOmha5DO.csv,Robinson A. D. J.,ABI,13,2,5,30:06,5,10,2,5,3,5,0,0,-6,0,2,2,1,1,0,1,0
BALresults/lOmha5DO.csv,Adekoya J.,KWA,12,4,2,24:01,3,9,1,1,2,8,4,4,-2,1,3,1,1,1,0,1,0
BALresults/lOmha5DO.csv,Oriakhi M.,KWA,10,7,2,28:29,5,11,5,6,0,5,0,0,3,2,5,0,0,2,0,1,0
BALresults/lOmha5DO.csv,Fofana M.,ABI,9,4,0,19:47,4,8,3,4,1,4,0,0,-13,0,4,3,0,0,0,1,0
BALresults/lOmha5DO.csv,Harouna A.,ABI,9,6,1,29:35,2,16,1,9,1,7,4,7,-16,1,5,2,2,3,1,1,0
BALresults/lOmha5DO.csv,Monyyong R.,KWA,9,8,1,35:52,3,4,3,4,0,0,3,8,5,4,4,5,0,3,2,1,0
BALresults/lOmha5DO.csv,Kra U.,ABI,8,2,4,16:02,3,5,3,5,0,0,2,2,11,0,2,4,6,0,0,0,0
BALresults/lOmha5DO.csv,Ezeh V.,KWA,6,5,1,18:32,2,6,1,3,1,3,1,1,1,0,5,4,0,5,0,0,0
BALresults/lOmha5DO.csv,Obekpa C.,ABI,6,7,2,25:58,2,3,2,3,0,0,2,2,-1,3,4,5,1,2,0,0,0
BALresults/lOmha5DO.csv,Kolawole M. A.,KWA,4,1,0,7:16,2,4,2,2,0,2,0,0,0,1,0,1,0,2,0,0,0
BALresults/lOmha5DO.csv,Konate S.,ABI,4,4,2,25:58,2,8,2,3,0,5,0,0,12,0,4,3,0,2,1,0,0
BALresults/lOmha5DO.csv,Kone F.,ABI,4,1,0,11:31,1,1,0,0,1,1,1,2,18,0,1,1,2,0,0,0,0
BALresults/lOmha5DO.csv,Thiam M.,KWA,4,1,2,12:45,1,4,1,2,0,2,2,2,-1,0,1,0,0,2,0,0,0
BALresults/lOmha5DO.csv,Kone M.,ABI,2,2,1,12:38,1,5,1,4,0,1,0,0,6,1,1,3,0,1,2,1,0
BALresults/lOmha5DO.csv,Mohammed V.,KWA,2,2,1,7:15,1,2,1,2,0,0,0,0,-5,1,1,0,2,0,0,0,0
BALresults/lOmha5DO.csv,Akpejiori A.,KWA,0,0,0,1:21,0,1,0,1,0,0,0,0,-10,0,0,0,0,0,0,1,0
BALresults/lOmha5DO.csv,Conteh S.,KWA,0,2,1,10:24,0,3,0,2,0,1,0,0,-8,0,2,1,0,3,0,0,0
BALresults/lOmha5DO.csv,Ighovodja J.,ABI,0,1,0,5:01,0,2,0,0,0,2,0,0,-5,0,1,0,0,0,0,0,0
BALresults/lOmha5DO.csv,Nyemeck K.,KWA,0,1,0,2:31,0,0,0,0,0,0,0,0,2,0,1,0,0,0,0,0,0
BALresults/lOmha5DO.csv,Sylla H.,ABI,0,0,0,4:12,0,0,0,0,0,0,0,0,-1,0,0,0,0,0,0,0,0
BALresults/lxTQD4SH.csv,Roebuck Jr. G.,CIT,28,11,2,37:04,12,18,10,15,2,3,2,7,2,2,9,0,0,3,0,1,0
BALresults/lxTQD4SH.csv,Omot N.,ALA,17,7,1,20:30,5,11,3,6,2,5,5,5,25,2,5,1,3,6,0,0,0
BALresults/lxTQD4SH.csv,Jones F.,CIT,15,4,0,28:01,5,15,3,11,2,4,3,3,2,0,4,3,3,0,0,3,0
BALresults/lxTQD4SH.csv,Justice J.,CIT,11,2,2,27:12,4,11,3,5,1,6,2,2,-16,0,2,0,2,6,0,0,0
BALresults/lxTQD4SH.csv,Oraby O.,ALA,10,10,0,21:27,4,6,4,6,0,0,2,2,12,2,8,3,0,1,2,0,0
BALresults/lxTQD4SH.csv,Sarhan M.,ALA,9,4,0,12:26,3,6,3,4,0,2,3,3,-26,1,3,0,0,1,0,0,0
BALresults/lxTQD4SH.csv,Webster C.,ALA,8,3,1,18:06,3,10,1,5,2,5,0,0,-10,1,2,2,0,2,0,0,0
BALresults/lxTQD4SH.csv,Zahran A.,ALA,7,0,1,17:09,2,6,1,4,1,2,2,2,22,0,0,4,2,0,0,0,0
BALresults/lxTQD4SH.csv,Aboelnasr M.,ALA,6,4,0,18:40,2,4,0,1,2,3,0,0,-9,3,1,2,0,1,1,1,0
BALresults/lxTQD4SH.csv,Baale F.,CIT,6,3,3,15:26,1,7,0,2,1,5,3,5,13,2,1,0,0,1,0,1,0
BALresults/lxTQD4SH.csv,Saleh E. A.,ALA,6,2,3,14:25,2,9,0,1,2,8,0,0,20,0,2,1,2,0,1,0,0
BALresults/lxTQD4SH.csv,Odeke T.,CIT,5,9,2,29:49,2,8,1,5,1,3,0,2,6,2,7,2,0,3,0,1,0
BALresults/lxTQD4SH.csv,Thompson M.,ALA,5,2,4,22:54,2,6,2,3,0,3,1,1,26,1,1,1,2,1,0,0,0
BALresults/lxTQD4SH.csv,Enabu J.,CIT,3,0,4,19:14,1,3,1,3,0,0,1,2,-3,0,0,1,2,1,0,0,0
BALresults/lxTQD4SH.csv,El Gendy A.,ALA,2,4,1,21:05,1,4,1,2,0,2,0,0,-15,1,3,2,0,1,0,0,0
BALresults/lxTQD4SH.csv,Ghedi A.,CIT,2,5,0,10:00,1,1,1,1,0,0,0,0,23,1,4,2,0,0,1,0,0
BALresults/lxTQD4SH.csv,Said S.,ALA,2,3,0,15:17,1,3,1,3,0,0,0,0,1,0,3,4,0,4,2,0,0
BALresults/lxTQD4SH.csv,Barnaba N.,CIT,0,2,0,13:33,0,2,0,0,0,2,0,0,-19,1,1,2,0,1,0,0,0
BALresults/lxTQD4SH.csv,Camara D.,ALA,0,1,0,3:16,0,2,0,0,0,2,0,0,-11,0,1,0,0,0,0,0,0
BALresults/lxTQD4SH.csv,Drileba T.,CIT,0,0,0,0:00,0,0,0,0,0,0,0,0,0,0,0,0,0,0,0,0,0
BALresults/lxTQD4SH.csv,Ismail A.,ALA,0,0,0,0:00,0,0,0,0,0,0,0,0,0,0,0,0,0,0,0,0,0
BALresults/lxTQD4SH.csv,Muhwezi I.,CIT,0,0,0,0:00,0,0,0,0,0,0,0,0,0,0,0,0,0,0,0,0,0
BALresults/lxTQD4SH.csv,Obe S.,CIT,0,0,0,3:23,0,1,0,0,0,1,0,0,-5,0,0,0,0,0,0,0,0
BALresults/lxTQD4SH.csv,Okello J.,CIT,0,2,0,13:23,0,0,0,0,0,0,0,0,-9,2,0,2,1,1,0,0,0
BALresults/lxTQD4SH.csv,Tarek M.,ALA,0,0,5,14:45,0,4,0,0,0,4,0,0,-25,0,0,0,1,1,0,0,0
BALresults/lxTQD4SH.csv,Walujjo E.,CIT,0,0,0,2:56,0,0,0,0,0,0,0,0,-4,0,0,0,0,0,0,0,0
BALresults/MBI6ISDn.csv,Crawford C.,DOU,28,6,1,36:13,8,18,4,8,4,10,8,12,18,0,6,0,1,2,0,0,0
BALresults/MBI6ISDn.csv,Boissy J.,DOU,15,7,9,25:12,5,9,3,4,2,5,3,3,7,1,6,2,1,2,0,0,0
BALresults/MBI6ISDn.csv,Lahyani F.,USM,15,5,0,28:43,5,10,5,8,0,2,5,7,-12,2,3,2,1,2,0,0,0
BALresults/MBI6ISDn.csv,Randle J.,USM,14,2,2,38:11,4,15,2,6,2,9,4,6,-16,1,1,0,2,7,0,1,0
BALresults/MBI6ISDn.csv,Ghayaza M.,USM,11,7,1,28:48,3,4,3,4,0,0,5,6,-12,4,3,2,2,1,2,0,0
BALresults/MBI6ISDn.csv,Slimane R.,USM,11,9,3,30:46,3,12,0,4,3,8,2,2,-5,2,7,5,2,5,1,0,0
BALresults/MBI6ISDn.csv,Fall S. D.,DOU,10,5,1,27:00,4,10,3,8,1,2,1,2,21,2,3,2,2,1,1,0,0
BALresults/MBI6ISDn.csv,Osei B.,DOU,9,4,1,24:23,3,8,2,7,1,1,2,5,14,1,3,4,2,4,0,2,0
BALresults/MBI6ISDn.csv,Diagne M.,DOU,6,3,0,13:14,2,4,2,4,0,0,2,3,7,1,2,4,0,1,0,0,0
BALresults/MBI6ISDn.csv,Ndiaye B.,DOU,6,5,0,15:07,3,7,3,6,0,1,0,0,6,3,2,3,1,2,0,1,0
BALresults/MBI6ISDn.csv,Bouallegue A.,USM,4,1,3,19:55,2,6,2,2,0,4,0,0,-9,0,1,4,0,0,0,0,0
BALresults/MBI6ISDn.csv,Thomas I.,USM,3,1,0,19:51,1,5,0,3,1,2,0,2,-11,0,1,5,0,2,2,0,0
BALresults/MBI6ISDn.csv,Chouaya L.,USM,2,1,2,13:17,1,3,1,1,0,2,0,0,-14,0,1,1,2,2,0,0,0
BALresults/MBI6ISDn.csv,Ochereobia M.,DOU,2,7,1,26:46,1,2,1,2,0,0,0,0,9,4,3,4,1,5,0,1,0
BALresults/MBI6ISDn.csv,Abass C.,USM,0,0,0,0:00,0,0,0,0,0,0,0,0,0,0,0,0,0,0,0,0,0
BALresults/MBI6ISDn.csv,Addami A.,USM,0,0,0,2:38,0,0,0,0,0,0,0,0,3,0,0,0,0,0,0,0,0
BALresults/MBI6ISDn.csv,Chennoufi Z.,USM,0,2,1,11:24,0,3,0,0,0,3,0,0,-1,0,2,3,1,1,0,0,0
BALresults/MBI6ISDn.csv,Dienf M.,DOU,0,0,0,0:30,0,0,0,0,0,0,0,0,-4,0,0,0,0,0,0,0,0
BALresults/MBI6ISDn.csv,Diop M.,DOU,0,1,0,16:47,0,2,0,1,0,1,0,0,-7,0,1,2,0,0,0,0,0
BALresults/MBI6ISDn.csv,Mahemli H.,USM,0,0,0,1:20,0,0,0,0,0,0,0,0,4,0,0,0,0,0,0,0,0
BALresults/MBI6ISDn.csv,Marnaoui O.,USM,0,0,0,5:07,0,1,0,0,0,1,0,0,-7,0,0,0,0,1,0,0,0
BALresults/MBI6ISDn.csv,Ndour A.,DOU,0,4,5,14:48,0,3,0,3,0,0,0,0,9,1,3,1,1,2,0,1,0
BALresults/MmUAnSTI.csv,Graham D.,REG,16,12,2,34:27,5,11,5,8,0,3,6,10,14,1,11,3,1,4,2,1,0
BALresults/MmUAnSTI.csv,Adekoya J.,KWA,15,4,0,29:21,5,12,2,5,3,7,2,2,-3,2,2,2,2,1,0,1,0
BALresults/MmUAnSTI.csv,Thomas C.,REG,14,5,5,31:20,5,11,3,6,2,5,2,2,11,3,2,2,2,1,1,0,0
BALresults/MmUAnSTI.csv,Filer A.,REG,10,3,6,34:51,4,9,3,5,1,4,1,2,17,0,3,2,1,3,0,0,0
BALresults/MmUAnSTI.csv,Anthony W. J.,KWA,7,3,0,23:17,3,8,3,5,0,3,1,2,-15,2,1,2,1,5,0,1,0
BALresults/MmUAnSTI.csv,Kambuy P.,REG,7,12,1,22:31,2,6,2,6,0,0,3,4,14,2,10,4,1,3,4,1,0
BALresults/MmUAnSTI.csv,Ndayisaba D.,REG,7,3,4,17:56,3,9,2,3,1,6,0,0,17,1,2,0,1,0,0,0,0
BALresults/MmUAnSTI.csv,Mordi J.,KWA,6,5,3,22:31,2,3,2,3,0,0,2,2,-11,0,5,4,4,3,0,0,0
BALresults/MmUAnSTI.csv,Monyyong R.,KWA,5,7,4,26:32,1,7,1,4,0,3,3,6,-4,3,4,2,0,3,2,2,0
BALresults/MmUAnSTI.csv,Nshobozwabyosenumukiza J.,REG,4,3,1,12:44,2,7,2,3,0,4,0,0,3,2,1,1,3,1,0,0,0
BALresults/MmUAnSTI.csv,Hagumintwari S.,REG,3,4,1,17:53,1,5,1,3,0,2,1,2,4,0,4,1,1,0,0,0,0
BALresults/MmUAnSTI.csv,Nyemeck K.,KWA,3,5,0,18:04,1,4,1,4,0,0,1,2,-2,1,4,4,0,0,0,1,0
BALresults/MmUAnSTI.csv,Akpejiori A.,KWA,2,1,0,5:51,1,2,1,2,0,0,0,0,-3,0,1,3,0,0,0,0,0
BALresults/MmUAnSTI.csv,Ezeh V.,KWA,2,5,3,21:38,0,11,0,6,0,5,2,2,-12,2,3,0,1,1,0,0,0
BALresults/MmUAnSTI.csv,Kareem A.,KWA,2,1,1,9:21,1,2,1,2,0,0,0,0,2,0,1,1,1,0,0,0,0
BALresults/MmUAnSTI.csv,Kolawole M. A.,KWA,2,3,0,14:50,1,9,1,7,0,2,0,0,-13,1,2,1,0,3,0,1,0
BALresults/MmUAnSTI.csv,Mohammed V.,KWA,2,3,0,7:40,1,4,1,4,0,0,0,0,-8,2,1,2,0,1,0,0,0
BALresults/MmUAnSTI.csv,Niyonkuru P.,REG,2,0,0,3:18,1,1,1,1,0,0,0,0,-5,0,0,0,0,1,0,0,0
BALresults/MmUAnSTI.csv,Oriakhi M.,KWA,2,1,1,11:26,1,3,1,1,0,2,0,0,-2,0,1,0,0,0,0,0,0
BALresults/MmUAnSTI.csv,Kamka-Chomke U.,REG,1,1,1,15:23,0,2,0,1,0,1,1,2,6,0,1,4,1,1,1,0,0
BALresults/MmUAnSTI.csv,Conteh S.,KWA,0,1,0,9:29,0,4,0,3,0,1,0,0,-9,0,1,0,0,2,0,2,0
BALresults/MmUAnSTI.csv,Habimana N.,REG,0,0,1,5:09,0,1,0,0,0,1,0,0,-2,0,0,0,0,1,0,0,0
BALresults/MmUAnSTI.csv,Prince M.,REG,0,0,0,2:20,0,0,0,0,0,0,0,0,-1,0,0,0,0,0,0,0,0
BALresults/MmUAnSTI.csv,Shyaka O.,REG,0,0,0,2:08,0,0,0,0,0,0,0,0,2,0,0,1,0,0,0,0,0
BALresults/MPcuXRSu.csv,Justice J.,CIT,30,5,1,38:07,11,24,7,10,4,14,4,4,-28,0,5,0,3,8,0,0,0
BALresults/MPcuXRSu.csv,Iroegbu U.,SLA,22,3,2,39:24,7,18,4,11,3,7,5,8,27,1,2,2,3,1,0,0,0
BALresults/MPcuXRSu.csv,Jones F.,CIT,20,8,3,34:07,7,17,4,10,3,7,3,5,-29,5,3,1,1,1,0,1,0
BALresults/MPcuXRSu.csv,Miller D.,SLA,20,8,10,40:00,9,14,9,12,0,2,2,6,28,0,8,2,2,6,1,0,0
BALresults/MPcuXRSu.csv,Nwabuzor M.,SLA,17,3,7,39:24,7,16,5,9,2,7,1,1,27,0,3,1,3,0,0,0,0
BALresults/MPcuXRSu.csv,Fofana I.,SLA,14,6,5,26:35,6,9,4,7,2,2,0,3,22,2,4,2,2,1,1,0,0
BALresults/MPcuXRSu.csv,Conde I.,SLA,12,10,4,28:32,6,7,6,7,0,0,0,0,16,3,7,3,0,0,0,0,0
BALresults/MPcuXRSu.csv,Barnaba N.,CIT,8,9,2,23:08,3,8,2,5,1,3,1,2,-22,4,5,2,0,1,0,0,0
BALresults/MPcuXRSu.csv,Mara M.,SLA,7,4,0,16:07,3,6,2,3,1,3,0,0,8,1,3,3,0,1,0,1,0
BALresults/MPcuXRSu.csv,Roebuck Jr. G.,CIT,7,6,3,29:22,2,10,0,4,2,6,1,4,-23,3,3,3,0,4,0,0,0
BALresults/MPcuXRSu.csv,Mabil M.,SLA,2,0,0,0:36,1,1,1,1,0,0,0,0,1,0,0,0,1,0,0,0,0
BALresults/MPcuXRSu.csv,Okello J.,CIT,2,4,1,14:27,1,2,1,1,0,1,0,0,-1,3,1,1,0,1,0,0,0
BALresults/MPcuXRSu.csv,Sompare A.,SLA,2,0,0,0:36,1,1,1,1,0,0,0,0,1,0,0,0,0,0,0,0,0
BALresults/MPcuXRSu.csv,Odeke T.,CIT,1,0,0,21:35,0,4,0,2,0,2,1,2,-22,0,0,1,0,0,1,1,0
BALresults/MPcuXRSu.csv,Baale F.,CIT,0,1,1,10:36,0,4,0,0,0,4,0,0,-11,0,1,0,0,1,0,0,0
BALresults/MPcuXRSu.csv,Bah A.,SLA,0,6,0,8:05,0,5,0,5,0,0,0,0,8,4,2,2,1,0,0,0,0
BALresults/MPcuXRSu.csv,Enabu J.,CIT,0,4,1,11:46,0,1,0,1,0,0,0,2,2,0,4,2,0,0,0,0,0
BALresults/MPcuXRSu.csv,Ghedi A.,CIT,0,1,0,6:38,0,0,0,0,0,0,0,0,-6,0,1,2,0,2,0,0,0
BALresults/MPcuXRSu.csv,Kaba A.,SLA,0,0,0,0:41,0,0,0,0,0,0,0,0,2,0,0,1,0,0,0,0,0
BALresults/MPcuXRSu.csv,Muhwezi I.,CIT,0,1,1,3:58,0,1,0,0,0,1,0,0,-5,1,0,1,0,1,0,0,0
BALresults/MPcuXRSu.csv,Obe S.,CIT,0,1,0,6:16,0,2,0,2,0,0,0,0,5,0,1,0,0,0,0,0,0
BALresults/p4MZBrcU.csv,Goncalves L.,PET,15,9,4,23:23,5,11,3,4,2,7,3,3,37,4,5,1,3,1,0,0,0
BALresults/p4MZBrcU.csv,Hall J.,CAP,14,6,3,31:24,5,13,4,10,1,3,3,7,-36,0,6,3,1,5,0,1,0
BALresults/p4MZBrcU.csv,Dundao C.,PET,13,1,2,20:38,5,11,2,2,3,9,0,0,32,1,0,1,3,4,0,0,0
BALresults/p4MZBrcU.csv,Hollis D.,PET,13,8,2,21:46,5,7,5,6,0,1,3,3,5,2,6,3,0,2,0,0,0
BALresults/p4MZBrcU.csv,Pedro J.,PET,13,5,0,21:18,4,5,4,5,0,0,5,8,29,3,2,3,0,0,0,0,0
BALresults/p4MZBrcU.csv,Buiamba G.,PET,10,3,1,11:41,4,5,4,4,0,1,2,3,6,1,2,5,0,0,0,0,0
BALresults/p4MZBrcU.csv,Morais C.,PET,9,4,4,25:18,4,11,3,4,1,7,0,0,37,1,3,2,1,2,0,0,0
BALresults/p4MZBrcU.csv,Wade Z.,CAP,9,2,3,24:38,2,5,1,3,1,2,4,5,-21,0,2,0,0,1,1,2,0
BALresults/p4MZBrcU.csv,Gbinije M.,CAP,8,8,2,24:01,3,9,2,5,1,4,1,2,-24,3,5,3,1,4,0,0,0
BALresults/p4MZBrcU.csv,Gakou A.,PET,6,4,1,17:54,1,4,0,0,1,4,3,4,33,1,3,2,2,0,0,0,0
BALresults/p4MZBrcU.csv,Ganapamo E.,CAP,5,2,1,27:42,2,9,2,6,0,3,1,2,-30,1,1,3,1,1,0,0,0
BALresults/p4MZBrcU.csv,Majok A.,PET,5,6,4,18:42,2,4,2,3,0,1,1,2,10,0,6,4,0,6,2,0,0
BALresults/p4MZBrcU.csv,Sibanyoni N.,CAP,4,0,0,11:46,2,3,2,3,0,0,0,0,-17,0,0,3,1,1,0,0,0
BALresults/p4MZBrcU.csv,Bastos P.,PET,3,2,0,11:22,1,5,0,1,1,4,0,0,-1,2,0,0,0,1,0,0,0
BALresults/p4MZBrcU.csv,Cele S.,CAP,3,4,1,26:04,1,6,1,5,0,1,1,6,-27,2,2,1,1,2,0,0,0
BALresults/p4MZBrcU.csv,Prinsloo P.,CAP,3,5,1,27:17,1,7,0,3,1,4,0,0,-31,2,3,3,0,2,0,0,0
BALresults/p4MZBrcU.csv,Mofokeng L.,CAP,2,2,1,7:16,0,2,0,2,0,0,2,4,0,2,0,1,1,0,0,0,0
BALresults/p4MZBrcU.csv,Chime A.,PET,0,1,0,0:20,0,0,0,0,0,0,0,0,1,0,1,0,0,0,0,0,0
BALresults/p4MZBrcU.csv,Diabate M.,PET,0,6,4,15:46,0,4,0,2,0,2,0,0,6,0,6,2,0,0,1,1,0
BALresults/p4MZBrcU.csv,Domingos G.,PET,0,0,1,8:16,0,3,0,1,0,2,0,0,-1,0,0,0,0,0,0,0,0
BALresults/p4MZBrcU.csv,Hendawy S.,PET,0,3,0,3:36,0,1,0,1,0,0,0,0,1,1,2,0,0,0,0,0,0
BALresults/p4MZBrcU.csv,Mthembu S.,CAP,0,1,0,7:42,0,2,0,2,0,0,0,0,-4,0,1,3,0,0,0,0,0
BALresults/p4MZBrcU.csv,Selepe L.,CAP,0,1,1,7:19,0,1,0,0,0,1,0,0,-5,0,1,0,0,0,0,0,0
BALresults/p4MZBrcU.csv,Whitbread D.,CAP,0,0,0,4:52,0,0,0,0,0,0,0,0,0,0,0,2,0,1,0,0,0
BALresults/QuXzOljP.csv,Thomas C.,REG,38,4,4,38:23,13,21,9,13,4,8,8,8,-2,1,3,4,1,2,0,0,0
BALresults/QuXzOljP.csv,Randle J.,USM,32,2,3,35:10,12,20,8,14,4,6,4,4,8,1,1,2,3,7,0,0,0
BALresults/QuXzOljP.csv,Filer A.,REG,21,3,2,37:44,8,15,5,8,3,7,2,4,-12,1,2,5,0,6,0,0,0
BALresults/QuXzOljP.csv,Thomas I.,USM,17,7,1,28:44,6,12,1,3,5,9,0,0,9,0,7,3,0,1,1,0,0
BALresults/QuXzOljP.csv,Lahyani F.,USM,11,5,3,23:22,2,2,1,1,1,1,6,8,2,0,5,5,0,3,0,0,0
BALresults/QuXzOljP.csv,Slimane R.,USM,9,5,3,30:54,2,7,2,2,0,5,5,6,8,1,4,2,2,0,0,0,0
BALresults/QuXzOljP.csv,Ghayaza M.,USM,8,4,1,26:31,3,4,3,4,0,0,2,2,-1,1,3,1,1,1,0,0,0
BALresults/QuXzOljP.csv,Kambuy P.,REG,6,3,0,20:20,3,3,3,3,0,0,0,3,-17,1,2,2,0,0,0,0,0
BALresults/QuXzOljP.csv,Kamka-Chomke U.,REG,6,4,1,19:40,2,4,2,3,0,1,2,4,12,1,3,3,1,1,0,0,0
BALresults/QuXzOljP.csv,Hagumintwari S.,REG,5,1,2,12:42,2,4,1,2,1,2,0,0,11,1,0,2,1,1,0,0,0
BALresults/QuXzOljP.csv,Bouallegue A.,USM,3,1,3,17:49,1,3,0,0,1,3,0,0,12,0,1,4,1,0,0,0,0
BALresults/QuXzOljP.csv,Graham D.,REG,3,7,3,25:58,1,3,1,2,0,1,1,1,-21,2,5,4,1,5,0,0,0
BALresults/QuXzOljP.csv,Chennoufi Z.,USM,2,2,1,7:53,0,3,0,1,0,2,2,2,-1,1,1,1,0,0,0,0,0
BALresults/QuXzOljP.csv,Chouaya L.,USM,2,1,3,14:49,1,3,1,1,0,2,0,0,6,1,0,3,1,1,0,0,0
BALresults/QuXzOljP.csv,Mahemli H.,USM,0,0,1,10:36,0,2,0,0,0,2,0,0,-14,0,0,0,0,0,0,0,0
BALresults/QuXzOljP.csv,Marnaoui O.,USM,0,0,0,4:12,0,2,0,0,0,2,0,0,-4,0,0,0,0,0,0,0,0
BALresults/QuXzOljP.csv,Ndayisaba D.,REG,0,7,2,29:52,0,6,0,3,0,3,0,0,0,1,6,0,0,2,0,1,0
BALresults/QuXzOljP.csv,Nshobozwabyosenumukiza J.,REG,0,3,1,15:23,0,5,0,1,0,4,0,0,4,1,2,1,1,0,0,0,0
BALresults/rcmHps9R.csv,Saleh E. A.,ALA,21,6,3,30:51,8,15,6,8,2,7,3,6,13,0,6,3,0,1,0,0,0
BALresults/rcmHps9R.csv,Omot N.,ALA,16,3,2,31:03,4,8,4,7,0,1,8,10,-1,0,3,3,2,0,0,0,0
BALresults/rcmHps9R.csv,Amayo K.,STA,15,3,5,33:33,5,11,3,6,2,5,3,7,-7,2,1,4,2,5,0,1,0
BALresults/rcmHps9R.csv,Berthe S.,STA,14,5,4,35:22,4,17,3,9,1,8,5,6,-7,1,4,4,0,3,0,2,0
BALresults/rcmHps9R.csv,Diarra A.,STA,13,10,1,24:10,5,12,5,11,0,1,3,4,-3,5,5,5,0,2,2,1,0
BALresults/rcmHps9R.csv,Thompson M.,ALA,12,2,4,28:23,3,9,3,3,0,6,6,9,4,1,1,5,0,2,0,0,0
BALresults/rcmHps9R.csv,Fakuade M.,ALA,10,4,2,20:36,3,5,2,4,1,1,3,4,-2,2,2,3,1,2,1,0,0
BALresults/rcmHps9R.csv,Wilkins J. W.,STA,8,6,0,21:20,1,6,0,1,1,5,5,6,-3,0,6,4,0,0,0,0,0
BALresults/rcmHps9R.csv,Foster G. C.,STA,7,3,6,20:10,2,4,2,3,0,1,3,6,-4,1,2,2,0,1,0,0,0
BALresults/rcmHps9R.csv,Sissouma B.,STA,7,5,0,16:21,2,5,1,2,1,3,2,2,0,2,3,1,0,1,0,0,0
BALresults/rcmHps9R.csv,Webster C.,ALA,7,3,2,18:10,3,9,2,6,1,3,0,0,-1,0,3,4,0,4,0,1,0
BALresults/rcmHps9R.csv,Chinyelu R.,STA,5,3,0,18:09,1,4,1,4,0,0,3,4,-4,2,1,3,3,2,1,0,0
BALresults/rcmHps9R.csv,Keita M.,STA,4,4,3,18:53,1,4,1,4,0,0,2,2,-2,0,4,1,0,2,0,0,0
BALresults/rcmHps9R.csv,Said S.,ALA,4,3,1,8:03,2,4,2,4,0,0,0,0,-1,0,3,1,1,1,0,1,0
BALresults/rcmHps9R.csv,Ismail A.,ALA,3,5,0,13:15,1,1,1,1,0,0,1,2,-2,2,3,2,0,2,0,0,0
BALresults/rcmHps9R.csv,Oraby O.,ALA,2,5,0,17:38,1,4,1,3,0,1,0,2,12,1,4,4,0,2,3,1,0
BALresults/rcmHps9R.csv,Zahran A.,ALA,2,5,3,17:54,1,2,1,1,0,1,0,0,10,1,4,2,1,1,0,0,0
BALresults/rcmHps9R.csv,El Gendy A.,ALA,1,1,0,7:18,0,1,0,0,0,1,1,2,-2,0,1,0,0,1,0,0,0
BALresults/rcmHps9R.csv,Aboelnasr M.,ALA,0,0,0,6:49,0,1,0,1,0,0,0,0,-5,0,0,0,0,0,0,0,0
BALresults/rcmHps9R.csv,Keita M.,STA,0,0,0,12:02,0,3,0,1,0,2,0,0,5,0,0,4,0,0,0,0,0
BALresults/rcV6m8EC.csv,Harouna A.,ABI,25,6,1,38:34,9,19,4,8,5,11,2,2,7,1,5,3,2,5,0,0,0
BALresults/rcV6m8EC.csv,Fofana M.,ABI,21,10,1,31:21,7,16,4,8,3,8,4,4,2,0,10,1,0,1,0,0,0
BALresults/rcV6m8EC.csv,Stoglin T.,DOU,21,0,1,35:13,7,18,6,11,1,7,6,8,-6,0,0,2,2,3,0,1,0
BALresults/rcV6m8EC.csv,Crawford C.,DOU,17,7,3,36:54,5,12,2,5,3,7,4,6,-3,0,7,4,1,3,0,1,0
BALresults/rcV6m8EC.csv,Konate S.,ABI,9,7,2,30:53,2,8,1,3,1,5,4,4,-1,1,6,3,2,4,0,1,0
BALresults/rcV6m8EC.csv,Ochereobia M.,DOU,9,10,1,25:50,4,9,4,9,0,0,1,2,3,5,5,3,0,3,1,1,0
BALresults/rcV6m8EC.csv,Robinson A. D. J.,ABI,8,5,6,26:06,3,7,3,4,0,3,2,4,12,0,5,4,1,3,1,0,0
BALresults/rcV6m8EC.csv,Maluach K.,DOU,7,11,1,20:24,3,4,2,2,1,2,0,0,-4,4,7,2,0,3,0,0,0
BALresults/rcV6m8EC.csv,Kra U.,ABI,6,0,1,10:33,2,5,1,2,1,3,1,2,6,0,0,3,4,1,0,0,0
BALresults/rcV6m8EC.csv,Boissy J.,DOU,5,2,2,17:11,1,11,0,4,1,7,2,2,-6,0,2,3,4,1,0,0,0
BALresults/rcV6m8EC.csv,Osei B.,DOU,4,2,0,14:10,2,5,2,5,0,0,0,2,-9,1,1,1,1,2,0,2,0
BALresults/rcV6m8EC.csv,Bile C.,ABI,3,1,0,8:39,1,4,1,2,0,2,1,2,4,1,0,1,0,2,0,0,0
BALresults/rcV6m8EC.csv,Dienf M.,DOU,3,0,0,0:24,1,1,0,0,1,1,0,0,5,0,0,1,0,0,0,0,0
BALresults/rcV6m8EC.csv,Kone F.,ABI,2,2,2,13:54,1,3,1,2,0,1,0,0,-6,2,0,0,0,1,0,0,0
BALresults/rcV6m8EC.csv,Ndiaye B.,DOU,2,5,0,15:33,1,5,1,2,0,3,0,2,-3,1,4,1,0,2,0,0,0
BALresults/rcV6m8EC.csv,Ndour A.,DOU,2,2,4,22:49,1,5,1,5,0,0,0,2,0,1,1,2,4,1,0,0,0
BALresults/rcV6m8EC.csv,Obekpa C.,ABI,2,8,4,34:06,1,1,1,1,0,0,0,0,5,2,6,3,2,2,4,0,0
BALresults/rcV6m8EC.csv,Fall S. D.,DOU,0,5,0,11:32,0,1,0,1,0,0,0,0,-7,2,3,1,0,0,0,0,0
BALresults/rcV6m8EC.csv,Kone M.,ABI,0,0,1,2:46,0,1,0,1,0,0,0,0,3,0,0,1,0,1,0,0,0
BALresults/rcV6m8EC.csv,Sylla H.,ABI,0,1,0,3:08,0,1,0,1,0,0,0,0,-2,1,0,0,0,1,0,0,0
BALresults/SlJ2J8bt.csv,Diarra A.,STA,22,10,2,26:09,8,16,8,16,0,0,6,12,20,4,6,4,5,2,0,1,0
BALresults/SlJ2J8bt.csv,Konate S.,ABI,19,8,1,28:21,5,8,1,3,4,5,5,5,-21,2,6,2,1,5,0,0,0
BALresults/SlJ2J8bt.csv,Harouna A.,ABI,15,3,0,28:40,4,13,3,4,1,9,6,6,-19,0,3,4,1,6,0,1,0
BALresults/SlJ2J8bt.csv,Wilkins J. W.,STA,12,3,0,14:08,4,5,2,2,2,3,2,2,-5,1,2,2,0,2,0,0,0
BALresults/SlJ2J8bt.csv,Traore N.,STA,11,2,1,13:18,4,7,3,5,1,2,2,2,2,0,2,2,1,0,0,1,0
BALresults/SlJ2J8bt.csv,Berthe S.,STA,10,2,7,28:15,4,11,2,6,2,5,0,0,16,0,2,4,3,4,0,0,0
BALresults/SlJ2J8bt.csv,Keita M.,STA,10,6,4,21:48,4,7,2,3,2,4,0,0,9,1,5,4,2,1,0,0,0
BALresults/SlJ2J8bt.csv,Kra U.,ABI,10,3,1,14:07,3,6,1,3,2,3,2,2,1,0,3,1,0,0,0,0,0
BALresults/SlJ2J8bt.csv,Amayo K.,STA,8,5,8,29:20,4,12,4,7,0,5,0,0,16,1,4,1,0,2,0,1,0
BALresults/SlJ2J8bt.csv,Chinyelu R.,STA,8,13,2,25:27,4,8,4,8,0,0,0,1,13,4,9,2,3,2,1,0,0
BALresults/SlJ2J8bt.csv,Diarra I.,ABI,8,2,0,11:47,2,7,2,6,0,1,4,6,6,0,2,0,1,1,1,0,0
BALresults/SlJ2J8bt.csv,Bile C.,ABI,6,3,0,10:25,2,8,2,6,0,2,2,4,-8,1,2,3,0,2,0,1,0
BALresults/SlJ2J8bt.csv,Robinson A. D. J.,ABI,6,8,8,25:40,2,6,2,4,0,2,2,6,-15,2,6,0,1,1,1,0,0
BALresults/SlJ2J8bt.csv,Fofana M.,ABI,5,2,1,32:09,2,8,1,3,1,5,0,0,-12,1,1,2,1,0,1,1,0
BALresults/SlJ2J8bt.csv,Brigeforth B.,STA,4,2,1,14:16,2,3,2,3,0,0,0,0,10,1,1,2,0,0,2,0,0
BALresults/SlJ2J8bt.csv,Konate T.,STA,3,0,0,6:50,1,3,0,1,1,2,0,0,5,0,0,0,1,1,0,1,0
BALresults/SlJ2J8bt.csv,Keita M.,STA,2,2,3,20:29,1,6,1,5,0,1,0,0,9,1,1,2,0,2,0,0,0
BALresults/SlJ2J8bt.csv,Kone M.,ABI,2,5,0,26:41,1,3,1,3,0,0,0,0,-17,2,3,2,0,4,0,0,0
BALresults/SlJ2J8bt.csv,Kone F.,ABI,0,1,3,14:20,0,2,0,1,0,1,0,0,-4,0,1,1,2,1,0,0,0
BALresults/SlJ2J8bt.csv,Obekpa C.,ABI,0,0,1,5:43,0,1,0,1,0,0,0,0,-3,0,0,2,1,2,1,0,0
BALresults/SlJ2J8bt.csv,Sissouma B.,STA,0,0,0,0:00,0,0,0,0,0,0,0,0,0,0,0,0,0,0,0,0,0
BALresults/SlJ2J8bt.csv,Sylla H.,ABI,0,0,0,2:07,0,0,0,0,0,0,0,0,-3,0,0,1,0,0,0,0,0
BALresults/SrGhS3sB.csv,Morais C.,PET,34,6,2,35:38,11,18,3,6,8,12,4,7,6,3,3,1,0,1,0,0,0
BALresults/SrGhS3sB.csv,Omot N.,ALA,25,2,2,34:14,8,18,3,9,5,9,4,5,3,0,2,2,0,5,1,1,0
BALresults/SrGhS3sB.csv,Webster C.,ALA,22,3,8,28:58,7,10,1,1,6,9,2,3,12,0,3,1,0,0,0,0,0
BALresults/SrGhS3sB.csv,Ismail A.,ALA,17,7,0,25:31,8,11,8,9,0,2,1,2,3,3,4,3,0,0,0,0,0
BALresults/SrGhS3sB.csv,Dundao C.,PET,13,2,4,23:08,4,8,1,3,3,5,2,2,2,0,2,3,1,1,0,0,0
BALresults/SrGhS3sB.csv,Thompson M.,ALA,13,2,3,32:45,4,7,0,0,4,7,1,1,-13,0,2,2,2,0,0,0,0
BALresults/SrGhS3sB.csv,Diabate M.,PET,11,1,2,16:25,4,5,3,4,1,1,2,2,-6,0,1,1,0,2,0,0,0
BALresults/SrGhS3sB.csv,Domingos G.,PET,11,1,0,7:27,4,5,1,1,3,4,0,1,3,0,1,0,0,1,0,0,0
BALresults/SrGhS3sB.csv,Pedro J.,PET,7,4,2,20:27,2,3,2,3,0,0,3,6,0,0,4,1,1,1,1,0,0
BALresults/SrGhS3sB.csv,Zahran A.,ALA,5,6,3,19:28,2,8,1,5,1,3,0,0,1,2,4,2,1,0,0,0,0
BALresults/SrGhS3sB.csv,Goncalves L.,PET,4,3,3,31:54,2,4,2,3,0,1,0,0,-4,1,2,2,0,4,0,0,0
BALresults/SrGhS3sB.csv,Hollis D.,PET,4,4,1,18:14,1,5,1,3,0,2,2,2,0,2,2,5,0,3,0,1,0
BALresults/SrGhS3sB.csv,Majok A.,PET,4,3,5,19:33,1,3,1,3,0,0,2,4,1,0,3,1,1,1,0,0,0
BALresults/SrGhS3sB.csv,Saleh E. A.,ALA,4,3,3,20:03,2,6,2,4,0,2,0,0,-2,1,2,4,0,3,0,0,0
BALresults/SrGhS3sB.csv,Gakou A.,PET,3,4,2,21:10,1,4,0,2,1,2,0,0,1,1,3,1,0,0,0,0,0
BALresults/SrGhS3sB.csv,Aboelnasr M.,ALA,2,2,1,13:44,1,1,1,1,0,0,0,0,-5,2,0,3,0,0,0,0,0
BALresults/SrGhS3sB.csv,Oraby O.,ALA,2,2,0,14:11,1,1,1,1,0,0,0,0,-2,0,2,2,1,2,0,0,0
BALresults/SrGhS3sB.csv,Bastos P.,PET,0,1,1,6:06,0,0,0,0,0,0,0,0,2,0,1,1,0,0,0,0,0
BALresults/SrGhS3sB.csv,El Gendy A.,ALA,0,0,0,5:03,0,0,0,0,0,0,0,0,4,0,0,1,0,0,0,0,0
BALresults/SrGhS3sB.csv,Said S.,ALA,0,1,0,6:04,0,3,0,1,0,2,0,0,-6,1,0,0,0,0,0,0,0
BALresults/tCPIFQc5.csv,Jones F.,CIT,22,5,3,31:41,7,15,5,8,2,7,6,6,-15,0,5,3,0,2,0,1,0
BALresults/tCPIFQc5.csv,Justice J.,CIT,20,8,5,32:01,6,17,4,6,2,11,6,6,-10,1,7,1,0,2,0,0,0
BALresults/tCPIFQc5.csv,Gakou A.,PET,16,6,0,18:12,6,13,2,4,4,9,0,0,4,2,4,2,0,0,0,0,0
BALresults/tCPIFQc5.csv,Dundao C.,PET,11,3,1,18:22,2,9,0,1,2,8,5,6,11,0,3,2,1,0,0,0,0
BALresults/tCPIFQc5.csv,Hollis D.,PET,11,10,0,22:05,3,7,1,3,2,4,3,3,14,1,9,3,0,1,1,1,0
BALresults/tCPIFQc5.csv,Morais C.,PET,11,7,3,25:06,4,10,3,5,1,5,2,2,16,3,4,1,2,0,0,0,0
BALresults/tCPIFQc5.csv,Odeke T.,CIT,10,3,1,26:03,4,6,2,2,2,4,0,0,-25,2,1,4,0,0,0,0,0
BALresults/tCPIFQc5.csv,Diabate M.,PET,9,3,4,23:20,3,5,2,3,1,2,2,2,14,0,3,0,1,2,0,0,0
BALresults/tCPIFQc5.csv,Goncalves L.,PET,9,8,4,25:47,3,6,2,3,1,3,2,2,0,2,6,2,1,2,0,0,0
BALresults/tCPIFQc5.csv,Majok A.,PET,8,8,5,22:52,2,6,2,5,0,1,4,5,9,3,5,5,0,5,2,1,0
BALresults/tCPIFQc5.csv,Pedro J.,PET,8,1,1,16:51,4,4,4,4,0,0,0,0,9,1,0,1,0,1,1,0,0
BALresults/tCPIFQc5.csv,Roebuck Jr. G.,CIT,6,8,2,28:20,3,13,3,11,0,2,0,2,-18,1,7,1,3,0,0,3,0
BALresults/tCPIFQc5.csv,Buiamba G.,PET,4,3,1,10:42,0,4,0,1,0,3,4,4,11,1,2,0,0,0,1,0,0
BALresults/tCPIFQc5.csv,Barnaba N.,CIT,3,1,0,12:09,1,1,0,0,1,1,0,0,-2,0,1,5,0,1,0,0,0
BALresults/tCPIFQc5.csv,Enabu J.,CIT,3,2,1,12:23,1,3,0,0,1,3,0,0,3,0,2,0,0,1,0,0,0
BALresults/tCPIFQc5.csv,Obe S.,CIT,3,1,0,10:33,0,1,0,1,0,0,3,4,2,1,0,1,0,0,0,1,0
BALresults/tCPIFQc5.csv,Baale F.,CIT,2,2,0,11:31,1,3,1,2,0,1,0,0,-9,1,1,0,1,0,0,0,0
BALresults/tCPIFQc5.csv,Domingos G.,PET,2,0,0,6:25,1,3,1,2,0,1,0,0,6,0,0,2,0,0,0,0,0
BALresults/tCPIFQc5.csv,Ghedi A.,CIT,1,2,0,11:45,0,5,0,4,0,1,1,2,-2,1,1,4,0,0,2,0,0
BALresults/tCPIFQc5.csv,Okello J.,CIT,1,0,1,19:30,0,3,0,3,0,0,1,2,-9,0,0,2,1,1,0,0,0
BALresults/tCPIFQc5.csv,Bastos P.,PET,0,3,0,8:26,0,2,0,1,0,1,0,0,-5,0,3,1,1,1,0,0,0
BALresults/tCPIFQc5.csv,Drileba T.,CIT,0,0,0,4:04,0,1,0,0,0,1,0,0,-5,0,0,1,1,0,0,0,0
BALresults/tCPIFQc5.csv,Hendawy S.,PET,0,0,0,1:52,0,0,0,0,0,0,0,0,1,0,0,0,0,0,0,0,0
BALresults/thcX3Tbg.csv,Crawford C.,DOU,15,6,4,31:07,6,18,5,11,1,7,2,2,-10,1,5,2,1,3,0,1,0
BALresults/thcX3Tbg.csv,Boissy J.,DOU,14,7,0,21:23,3,12,1,5,2,7,6,6,0,2,5,4,2,2,0,1,0
BALresults/thcX3Tbg.csv,Nshobozwabyosenumukiza J.,REG,14,9,3,23:46,5,13,1,2,4,11,0,0,3,4,5,1,1,1,0,0,0
BALresults/thcX3Tbg.csv,Ndayisaba D.,REG,13,3,1,20:55,5,8,2,3,3,5,0,0,13,0,3,1,0,2,0,0,0
BALresults/thcX3Tbg.csv,Thomas C.,REG,12,5,7,33:00,4,10,2,5,2,5,2,2,17,0,5,2,1,0,0,1,0
BALresults/thcX3Tbg.csv,Kamka-Chomke U.,REG,9,6,2,24:25,3,7,2,2,1,5,2,3,3,1,5,2,2,4,1,0,0
BALresults/thcX3Tbg.csv,Graham D.,REG,7,5,0,23:38,3,8,3,7,0,1,1,2,22,1,4,3,0,2,1,0,0
BALresults/thcX3Tbg.csv,Ochereobia M.,DOU,7,6,0,17:10,2,3,2,3,0,0,3,4,-5,4,2,0,1,0,1,0,0
BALresults/thcX3Tbg.csv,Fall S. D.,DOU,6,2,0,16:15,3,9,3,8,0,1,0,3,-2,1,1,1,0,2,0,0,0
BALresults/thcX3Tbg.csv,Kambuy P.,REG,6,6,0,15:35,3,8,3,7,0,1,0,0,11,1,5,0,1,1,2,0,0
BALresults/thcX3Tbg.csv,Filer A.,REG,5,3,3,26:58,2,6,2,5,0,1,1,2,19,0,3,1,2,1,0,0,0
BALresults/thcX3Tbg.csv,Maluach K.,DOU,5,7,1,19:15,2,10,1,8,1,2,0,0,-8,6,1,1,1,0,0,0,0
BALresults/thcX3Tbg.csv,Ndiaye B.,DOU,4,2,1,17:29,1,5,1,2,0,3,2,2,-2,1,1,0,1,1,0,1,0
BALresults/thcX3Tbg.csv,Hagumintwari S.,REG,3,1,3,12:51,1,2,0,0,1,2,0,0,7,0,1,1,0,0,0,0,0
BALresults/thcX3Tbg.csv,Diagne M.,DOU,2,8,0,11:04,1,2,1,2,0,0,0,0,-3,1,7,2,0,1,1,0,0
BALresults/thcX3Tbg.csv,Diop M.,DOU,2,3,0,8:18,1,3,1,3,0,0,0,0,1,2,1,1,0,0,0,0,0
BALresults/thcX3Tbg.csv,Dienf M.,DOU,0,1,0,5:01,0,5,0,1,0,4,0,0,-5,0,1,0,0,0,0,0,0
BALresults/thcX3Tbg.csv,Habimana N.,REG,0,2,0,4:44,0,0,0,0,0,0,0,0,-8,0,2,1,0,1,0,0,0
BALresults/thcX3Tbg.csv,Kamara A. C.,DOU,0,0,0,5:26,0,1,0,1,0,0,0,0,0,0,0,0,0,0,0,0,0
BALresults/thcX3Tbg.csv,Ndour A.,DOU,0,3,3,18:19,0,3,0,2,0,1,0,0,-14,1,2,1,1,1,0,0,0
BALresults/thcX3Tbg.csv,Niyonkuru P.,REG,0,1,0,2:50,0,1,0,0,0,1,0,0,-7,1,0,0,0,2,0,0,0
BALresults/thcX3Tbg.csv,Osei B.,DOU,0,2,1,6:38,0,2,0,2,0,0,0,0,-6,1,1,1,0,2,0,1,0
BALresults/thcX3Tbg.csv,Prince M.,REG,0,0,0,2:03,0,1,0,1,0,0,0,0,-7,0,0,0,0,0,0,1,0
BALresults/thcX3Tbg.csv,Shyaka O.,REG,0,1,1,9:15,0,2,0,1,0,1,0,0,-3,0,1,3,0,0,0,0,0
BALresults/thcX3Tbg.csv,Stoglin T.,DOU,0,3,5,22:35,0,7,0,4,0,3,0,2,-16,2,1,0,0,2,0,0,0
BALresults/tOmyXVQi.csv,Omot N.,ALA,22,3,2,34:12,5,14,3,7,2,7,10,11,20,2,1,2,1,4,2,0,0
BALresults/tOmyXVQi.csv,Boissy J.,DOU,20,3,3,32:04,5,19,5,11,0,8,10,15,-10,2,1,2,4,3,0,0,0
BALresults/tOmyXVQi.csv,Diakhite A.,DOU,14,4,0,18:17,4,5,4,5,0,0,6,8,-5,1,3,3,1,0,0,0,0
BALresults/tOmyXVQi.csv,Webster C.,ALA,13,4,2,18:55,5,8,2,2,3,6,0,0,9,1,3,2,0,2,0,0,0
BALresults/tOmyXVQi.csv,Thompson M.,ALA,10,1,3,24:06,3,7,1,2,2,5,2,3,8,0,1,3,0,0,0,0,0
BALresults/tOmyXVQi.csv,Crawford C.,DOU,9,3,0,24:26,4,15,3,8,1,7,0,0,-12,0,3,5,1,2,0,0,0
BALresults/tOmyXVQi.csv,Saleh E. A.,ALA,9,8,3,28:01,3,11,2,6,1,5,2,4,23,0,8,4,2,3,0,0,0
BALresults/tOmyXVQi.csv,Fakuade M.,ALA,7,11,3,26:23,3,8,3,5,0,3,1,2,8,3,8,1,0,3,1,0,0
BALresults/tOmyXVQi.csv,Fall S. D.,DOU,6,4,0,22:57,3,12,3,8,0,4,0,0,-4,2,2,4,3,0,0,0,0
BALresults/tOmyXVQi.csv,Zahran A.,ALA,6,3,0,14:10,2,6,1,3,1,3,1,2,2,2,1,2,1,1,0,0,0
BALresults/tOmyXVQi.csv,Oraby O.,ALA,5,7,0,13:15,2,3,2,3,0,0,1,2,-1,3,4,3,0,2,1,0,0
BALresults/tOmyXVQi.csv,Ismail A.,ALA,4,5,1,14:11,2,2,2,2,0,0,0,0,1,2,3,2,1,1,0,0,0
BALresults/tOmyXVQi.csv,Maguet Diop P.,DOU,4,2,0,8:20,1,1,1,1,0,0,2,4,2,2,0,2,1,0,0,0,0
BALresults/tOmyXVQi.csv,Ochereobia M.,DOU,4,9,0,17:37,1,3,1,3,0,0,2,2,-15,5,4,2,0,0,0,0,0
BALresults/tOmyXVQi.csv,Diagne M.,DOU,3,4,0,7:30,1,2,1,2,0,0,1,2,4,3,1,0,0,0,0,0,0
BALresults/tOmyXVQi.csv,Dienf M.,DOU,3,1,0,6:55,1,5,0,0,1,5,0,0,-3,1,0,0,0,0,0,0,0
BALresults/tOmyXVQi.csv,El Gendy A.,ALA,2,1,0,4:17,0,2,0,1,0,1,2,2,0,0,1,1,0,1,0,0,0
BALresults/tOmyXVQi.csv,Maluach K.,DOU,2,4,0,12:14,1,5,1,3,0,2,0,0,-6,0,4,4,0,2,1,0,0
BALresults/tOmyXVQi.csv,Said S.,ALA,2,5,4,12:34,1,2,1,2,0,0,0,0,16,3,2,4,0,2,0,0,0
BALresults/tOmyXVQi.csv,Azab O.,ALA,0,0,0,3:53,0,0,0,0,0,0,0,0,-4,0,0,1,0,0,0,0,0
BALresults/tOmyXVQi.csv,Bryan-Amaning M.,DOU,0,3,3,14:36,0,4,0,3,0,1,0,2,-11,1,2,2,3,3,0,0,0
BALresults/tOmyXVQi.csv,Camara D.,ALA,0,1,0,1:36,0,2,0,0,0,2,0,0,-5,0,1,1,0,1,0,0,0
BALresults/tOmyXVQi.csv,Diop M.,DOU,0,2,0,7:03,0,2,0,1,0,1,0,0,-13,1,1,0,0,0,0,0,0
BALresults/tOmyXVQi.csv,Ndiaye B.,DOU,0,1,1,5:00,0,1,0,0,0,1,0,0,5,0,1,1,0,0,0,0,0
BALresults/tOmyXVQi.csv,Ndour A.,DOU,0,3,5,23:00,0,2,0,0,0,2,0,0,-7,0,3,0,0,2,0,0,0
BALresults/tSDtV5ch.csv,Miller D.,SLA,24,5,6,37:39,10,20,10,16,0,4,4,7,-14,0,5,3,4,3,1,3,0
BALresults/tSDtV5ch.csv,Nwabuzor M.,SLA,23,3,2,38:14,6,9,3,6,3,3,8,9,-21,0,3,4,0,2,0,1,0
BALresults/tSDtV5ch.csv,Majok A.,PET,15,7,2,25:36,6,10,6,10,0,0,3,4,12,3,4,4,1,3,2,1,0
BALresults/tSDtV5ch.csv,Conde I.,SLA,14,10,2,38:48,7,9,7,9,0,0,0,0,-15,2,8,4,3,3,1,0,0
BALresults/tSDtV5ch.csv,Morais C.,PET,14,3,4,20:44,4,8,0,0,4,8,2,2,23,0,3,3,0,2,0,0,0
BALresults/tSDtV5ch.csv,Dundao C.,PET,12,3,2,18:05,5,9,3,6,2,3,0,0,7,0,3,1,0,1,0,0,0
BALresults/tSDtV5ch.csv,Pedro J.,PET,12,7,0,14:24,5,6,5,6,0,0,2,2,5,3,4,0,0,0,1,0,0
BALresults/tSDtV5ch.csv,Hollis D.,PET,11,10,1,24:36,4,10,2,8,2,2,1,1,11,4,6,4,1,4,0,1,0
BALresults/tSDtV5ch.csv,Iroegbu U.,SLA,11,4,7,34:52,5,19,5,13,0,6,1,2,-19,2,2,2,3,5,0,0,0
BALresults/tSDtV5ch.csv,Goncalves L.,PET,8,1,4,22:55,3,6,3,5,0,1,2,4,6,1,0,1,0,2,0,0,0
BALresults/tSDtV5ch.csv,Diabate M.,PET,7,2,7,19:19,2,3,1,2,1,1,2,2,13,0,2,1,2,1,0,0,0
BALresults/tSDtV5ch.csv,Gakou A.,PET,5,1,1,15:24,1,3,1,2,0,1,3,4,6,1,0,5,1,3,1,0,0
BALresults/tSDtV5ch.csv,Buiamba G.,PET,4,2,0,16:59,2,6,2,4,0,2,0,0,14,1,1,0,2,1,0,0,0
BALresults/tSDtV5ch.csv,Fofana I.,SLA,4,3,3,27:46,2,7,2,5,0,2,0,0,-17,1,2,2,1,1,0,0,0
BALresults/tSDtV5ch.csv,Bastos P.,PET,3,1,1,7:50,1,3,0,0,1,3,0,0,-5,0,1,0,0,0,0,0,0
BALresults/tSDtV5ch.csv,Domingos G.,PET,3,2,0,12:50,1,3,0,0,1,3,0,1,-4,0,2,0,0,1,0,0,0
BALresults/tSDtV5ch.csv,Doumbouya I.,SLA,2,0,0,3:33,1,1,1,1,0,0,0,0,-5,0,0,1,0,0,0,0,0
BALresults/tSDtV5ch.csv,Hendawy S.,PET,1,1,0,1:18,0,1,0,1,0,0,1,2,-3,1,0,0,0,0,0,0,0
BALresults/tSDtV5ch.csv,Mara M.,SLA,0,4,0,19:08,0,1,0,0,0,1,0,0,6,1,3,4,3,0,0,0,0
BALresults/vya5uDN9.csv,Abada O.,ABI,21,2,8,33:10,7,13,7,11,0,2,7,8,-7,0,2,3,2,1,0,0,0
BALresults/vya5uDN9.csv,Morais C.,PET,18,2,3,35:10,6,12,2,7,4,5,2,2,10,0,2,4,0,2,0,0,0
BALresults/vya5uDN9.csv,Dundao C.,PET,15,5,3,33:35,5,11,2,5,3,6,2,6,12,1,4,2,3,3,0,0,0
BALresults/vya5uDN9.csv,Hollis D.,PET,14,9,1,24:56,6,10,5,7,1,3,1,2,-2,4,5,2,0,2,0,0,0
BALresults/vya5uDN9.csv,Diabate M.,PET,13,5,5,25:38,4,9,3,4,1,5,4,4,-1,1,4,2,1,2,0,0,0
BALresults/vya5uDN9.csv,Konate S.,ABI,13,4,1,25:03,3,7,1,2,2,5,5,7,-1,1,3,1,0,2,0,0,0
BALresults/vya5uDN9.csv,Pedro J.,PET,12,8,1,18:26,4,6,4,6,0,0,4,4,13,1,7,1,0,0,0,0,0
BALresults/vya5uDN9.csv,Harouna A.,ABI,10,7,3,35:03,2,14,0,4,2,10,4,6,-10,2,5,3,3,4,0,0,0
BALresults/vya5uDN9.csv,Fofana M.,ABI,9,1,1,24:52,4,8,3,6,1,2,0,0,-2,1,0,2,0,0,0,0,0
BALresults/vya5uDN9.csv,Ongwae T.,ABI,7,5,4,31:47,3,10,2,4,1,6,0,0,-7,4,1,3,1,1,0,0,0
BALresults/vya5uDN9.csv,Goncalves L.,PET,6,2,3,14:28,3,6,3,5,0,1,0,0,6,0,2,3,0,2,0,0,0
BALresults/vya5uDN9.csv,Kone M.,ABI,6,7,0,13:08,3,6,3,6,0,0,0,2,0,4,3,3,0,0,1,0,0
BALresults/vya5uDN9.csv,Majok A.,PET,6,5,2,21:34,3,7,3,7,0,0,0,0,-9,4,1,2,0,2,5,0,0
BALresults/vya5uDN9.csv,Buiamba G.,PET,2,1,0,4:44,1,2,1,1,0,1,0,0,-7,1,0,0,0,0,0,0,0
BALresults/vya5uDN9.csv,Gakou A.,PET,2,2,0,15:04,1,3,1,1,0,2,0,0,6,1,1,2,0,2,1,0,0
BALresults/vya5uDN9.csv,Kone F.,ABI,2,0,1,6:50,1,1,1,1,0,0,0,0,3,0,0,0,0,1,0,0,0
BALresults/vya5uDN9.csv,Kra U.,ABI,2,0,0,3:15,1,1,1,1,0,0,0,0,8,0,0,1,0,0,0,0,0
BALresults/vya5uDN9.csv,Domingos G.,PET,0,2,2,6:25,0,2,0,1,0,1,0,0,-8,1,1,2,0,0,0,0,0
BALresults/W0IVCOsO.csv,Perry W.,FER,41,4,8,40:00,11,18,2,4,9,14,10,10,12,1,3,4,3,2,0,0,0
BALresults/W0IVCOsO.csv,Miller D.,SLA,30,8,4,40:00,10,15,9,12,1,3,9,10,-12,4,4,3,3,2,4,0,0
BALresults/W0IVCOsO.csv,Iroegbu U.,SLA,29,7,5,39:00,11,22,6,10,5,12,2,3,-15,0,7,4,0,3,0,2,0
BALresults/W0IVCOsO.csv,Young N.,FER,26,5,3,33:54,11,13,11,13,0,0,4,9,18,1,4,4,3,1,0,1,0
BALresults/W0IVCOsO.csv,Gueye M.,FER,15,8,1,24:56,5,11,4,10,1,1,4,4,13,3,5,5,0,2,0,1,0
BALresults/W0IVCOsO.csv,Nwabuzor M.,SLA,14,0,3,29:13,5,10,3,5,2,5,2,2,-24,0,0,4,0,3,0,0,0
BALresults/W0IVCOsO.csv,Fofana I.,SLA,10,5,0,28:29,5,9,5,7,0,2,0,0,6,4,1,3,3,3,0,0,0
BALresults/W0IVCOsO.csv,Nurmamade I.,FER,9,4,4,26:46,3,11,3,7,0,4,3,4,18,2,2,1,0,2,0,0,0
BALresults/W0IVCOsO.csv,Munguambe A.,FER,8,3,1,23:54,2,5,1,4,1,1,3,4,-2,1,2,3,1,1,0,2,0
BALresults/W0IVCOsO.csv,Conde I.,SLA,7,5,1,29:07,1,6,1,6,0,0,5,6,6,3,2,4,1,2,2,1,0
BALresults/W0IVCOsO.csv,Mara M.,SLA,7,2,0,20:37,3,11,2,5,1,6,0,0,-10,1,1,4,0,0,0,0,0
BALresults/W0IVCOsO.csv,Chirombe C.,FER,4,3,1,20:38,2,3,2,3,0,0,0,0,7,1,2,0,0,1,0,1,0
BALresults/W0IVCOsO.csv,Sidibe B.,FER,4,6,1,21:18,2,6,2,6,0,0,0,2,7,3,3,5,1,3,2,1,0
BALresults/W0IVCOsO.csv,Mbiya P.,FER,2,1,0,4:09,1,3,1,3,0,0,0,0,-9,0,1,1,0,1,1,0,0
BALresults/W0IVCOsO.csv,Bah A.,SLA,0,2,1,4:40,0,0,0,0,0,0,0,0,-5,0,2,1,0,0,0,0,0
BALresults/W0IVCOsO.csv,Doumbouya I.,SLA,0,1,0,6:05,0,0,0,0,0,0,0,0,-1,0,1,1,0,0,0,0,0
BALresults/W0IVCOsO.csv,Houana E.,FER,0,0,1,4:25,0,0,0,0,0,0,0,0,-4,0,0,0,0,1,0,0,0
BALresults/W0IVCOsO.csv,Mabil M.,SLA,0,0,0,2:49,0,1,0,0,0,1,0,0,-5,0,0,1,0,1,0,0,0
BALresults/YRcT49qm.csv,Ezeh V.,KWA,22,2,1,29:57,9,19,7,11,2,8,2,4,-7,1,1,0,1,0,0,2,0
BALresults/YRcT49qm.csv,Thomas I.,USM,22,5,1,25:23,8,15,5,9,3,6,3,5,0,4,1,4,1,3,0,1,0
BALresults/YRcT49qm.csv,Monyyong R.,KWA,17,6,2,30:27,5,9,4,6,1,3,6,9,-4,2,4,4,0,1,1,0,0
BALresults/YRcT49qm.csv,Marnaoui O.,USM,15,2,3,25:18,5,8,1,1,4,7,1,2,17,0,2,1,1,1,2,0,0
BALresults/YRcT49qm.csv,Randle J.,USM,13,2,9,29:23,4,10,2,5,2,5,3,4,-1,1,1,0,0,1,0,1,0
BALresults/YRcT49qm.csv,Slimane R.,USM,11,3,2,27:29,3,11,2,6,1,5,4,4,13,1,2,0,0,0,0,1,0
BALresults/YRcT49qm.csv,Adekoya J.,KWA,9,2,2,17:53,3,7,0,0,3,7,0,0,0,0,2,2,0,2,0,0,0
BALresults/YRcT49qm.csv,Lahyani F.,USM,9,12,8,28:16,4,8,4,7,0,1,1,3,9,2,10,1,2,3,1,0,0
BALresults/YRcT49qm.csv,Mordi J.,KWA,7,6,5,22:18,3,6,2,4,1,2,0,0,-2,1,5,4,0,2,0,0,0
BALresults/YRcT49qm.csv,Conteh S.,KWA,6,2,3,15:53,2,8,1,4,1,4,1,3,-4,2,0,0,0,0,0,0,0
BALresults/YRcT49qm.csv,Oriakhi M.,KWA,6,1,1,10:33,2,4,1,2,1,2,1,2,-3,0,1,1,1,0,0,0,0
BALresults/YRcT49qm.csv,Thiam M.,KWA,6,1,0,13:29,1,2,1,1,0,1,4,4,-2,0,1,5,0,4,0,0,0
BALresults/YRcT49qm.csv,Bouallegue A.,USM,5,2,3,19:08,2,3,1,1,1,2,0,0,4,0,2,3,0,2,0,0,0
BALresults/YRcT49qm.csv,Ghayaza M.,USM,5,7,4,20:29,2,4,2,3,0,1,1,2,15,3,4,2,0,1,0,0,0
BALresults/YRcT49qm.csv,Addami A.,USM,2,1,0,3:58,1,2,1,1,0,1,0,0,-2,0,1,0,0,0,0,0,0
BALresults/YRcT49qm.csv,Kolawole M. A.,KWA,2,0,1,16:48,1,6,1,6,0,0,0,0,-11,0,0,1,0,0,0,0,0
BALresults/YRcT49qm.csv,Mahemli H.,USM,2,0,0,3:58,1,1,1,1,0,0,0,0,-2,0,0,1,0,1,0,0,0
BALresults/YRcT49qm.csv,Chouaya L.,USM,1,0,0,8:23,0,0,0,0,0,0,1,2,1,0,0,2,0,0,0,0,0
BALresults/YRcT49qm.csv,Abass C.,USM,0,1,0,0:41,0,0,0,0,0,0,0,0,-2,0,1,0,0,0,0,0,0
BALresults/YRcT49qm.csv,Akpejiori A.,KWA,0,2,1,4:46,0,2,0,2,0,0,0,0,3,1,1,0,1,0,1,0,0
BALresults/YRcT49qm.csv,Anthony W. J.,KWA,0,2,2,5:31,0,1,0,1,0,0,0,0,0,0,2,1,0,1,0,0,0
BALresults/YRcT49qm.csv,Braiek O.,USM,0,0,0,0:41,0,1,0,1,0,0,0,0,-2,0,0,1,1,0,0,0,0
BALresults/YRcT49qm.csv,Chennoufi Z.,USM,0,3,2,6:53,0,2,0,0,0,2,0,0,0,1,2,2,0,1,0,0,0
BALresults/YRcT49qm.csv,Kareem A.,KWA,0,0,1,12:14,0,1,0,1,0,0,0,0,-10,0,0,1,0,1,1,1,0
BALresults/YRcT49qm.csv,Mohammed V.,KWA,0,2,0,14:38,0,0,0,0,0,0,0,0,-9,1,1,1,1,0,0,0,0
BALresults/YRcT49qm.csv,Nyemeck K.,KWA,0,4,0,5:33,0,0,0,0,0,0,0,0,-1,2,2,1,1,1,0,0,0
BALresults/ziIhBB6J.csv,Berthe S.,STA,34,4,3,34:58,12,23,7,9,5,14,5,6,1,1,3,3,3,3,0,2,0
BALresults/ziIhBB6J.csv,Randle J.,USM,18,4,7,34:22,6,12,6,9,0,3,6,6,8,0,4,1,2,5,0,0,0
BALresults/ziIhBB6J.csv,Diarra A.,STA,14,14,0,26:39,7,14,7,14,0,0,0,6,2,7,7,0,0,0,0,0,0
BALresults/ziIhBB6J.csv,Marnaoui O.,USM,12,2,1,21:14,3,8,1,3,2,5,4,8,8,1,1,2,0,2,2,0,0
BALresults/ziIhBB6J.csv,Thomas I.,USM,11,10,0,22:16,3,12,2,6,1,6,4,4,-3,3,7,4,0,2,0,0,0
BALresults/ziIhBB6J.csv,Lahyani F.,USM,9,1,0,14:31,4,6,4,4,0,2,1,1,7,0,1,4,1,0,0,0,0
BALresults/ziIhBB6J.csv,Ghayaza M.,USM,8,7,0,24:44,4,4,4,4,0,0,0,0,9,0,7,0,2,2,2,0,0
BALresults/ziIhBB6J.csv,Addami A.,USM,7,1,1,12:03,3,5,2,4,1,1,0,0,1,0,1,4,1,2,0,0,0
BALresults/ziIhBB6J.csv,Slimane R.,USM,7,8,1,27:49,2,5,1,2,1,3,2,2,9,2,6,2,0,0,0,0,0
BALresults/ziIhBB6J.csv,Brigeforth B.,STA,5,3,1,15:30,2,2,2,2,0,0,1,2,-14,2,1,2,1,0,0,0,0
BALresults/ziIhBB6J.csv,Wilkins J. W.,STA,4,1,3,23:41,2,7,2,3,0,4,0,0,4,0,1,0,0,2,0,0,0
BALresults/ziIhBB6J.csv,Chouaya L.,USM,3,1,1,15:30,1,2,0,0,1,2,0,0,7,0,1,0,2,3,0,0,0
BALresults/ziIhBB6J.csv,Keita M.,STA,3,5,3,21:08,0,6,0,5,0,1,3,3,3,1,4,2,0,3,0,0,0
BALresults/ziIhBB6J.csv,Amayo K.,STA,2,1,2,14:42,1,3,1,2,0,1,0,0,-12,0,1,1,0,3,0,0,0
BALresults/ziIhBB6J.csv,Bouallegue A.,USM,2,6,2,21:53,1,2,1,1,0,1,0,0,2,0,6,2,1,4,0,0,0
BALresults/ziIhBB6J.csv,Chinyelu R.,STA,2,2,0,11:59,1,4,1,4,0,0,0,0,-16,1,1,4,0,0,0,1,0
BALresults/ziIhBB6J.csv,Keita M.,STA,2,1,1,22:17,1,9,1,4,0,5,0,0,-4,0,1,3,2,1,0,1,0
BALresults/ziIhBB6J.csv,Traore N.,STA,2,0,0,4:34,1,2,1,1,0,1,0,0,-3,0,0,1,0,0,0,0,0
BALresults/ziIhBB6J.csv,Mahemli H.,USM,1,0,1,5:38,0,1,0,1,0,0,1,2,2,0,0,0,0,0,0,0,0
BALresults/ziIhBB6J.csv,Bagayoko O.,STA,0,0,1,11:18,0,6,0,2,0,4,0,0,-4,0,0,0,0,0,0,0,0
BALresults/ziIhBB6J.csv,Konate T.,STA,0,1,1,11:03,0,3,0,2,0,1,0,0,-11,1,0,2,0,2,0,0,0
BALresults/ziIhBB6J.csv,Pare M.,STA,0,1,0,2:11,0,0,0,0,0,0,0,0,4,0,1,0,1,1,0,0,0
